订单ID,日期,产品,类别,地区,数量,单价,折扣,客户评分,销售额
ORD000001,2024-04-12,平板,配件,华南,9,1450.4,0.93,3,12139.85
ORD000002,2024-12-14,平板,电子产品,华东,12,3403.34,0.94,4,38389.68
ORD000003,2024-09-27,笔记本电脑,电子产品,华东,19,6082.54,0.8,2,92454.61
ORD000004,2024-04-16,手机,电子产品,西北,3,7193.92,0.83,1,17912.86
ORD000005,2024-03-12,手机,电子产品,西北,15,764.61,0.95,3,10895.69
ORD000006,2024-07-07,智能手表,电子产品,华东,2,3205.52,0.81,2,5192.94
ORD000007,2024-01-21,手机,配件,华北,2,891.94,0.94,1,1676.85
ORD000008,2024-04-12,耳机,电子产品,华北,3,231.08,0.98,3,679.38
ORD000009,2024-05-01,手机,电子产品,西北,6,5327.58,0.89,2,28449.28
ORD000010,2024-08-02,智能手表,电子产品,西南,15,4859.35,0.92,2,67059.03
ORD000011,2024-11-26,手机,电子产品,华东,10,1387.85,0.94,3,13045.79
ORD000012,2024-03-28,耳机,电子产品,西北,9,1947.12,0.95,2,16647.88
ORD000013,2024-04-09,笔记本电脑,电子产品,西北,1,287.29,0.82,5,235.58
ORD000014,2024-12-25,智能手表,电子产品,华东,16,6696.08,0.72,3,77138.84
ORD000015,2024-05-31,笔记本电脑,配件,华东,6,7800.06,0.82,2,38376.3
ORD000016,2024-05-10,笔记本电脑,电子产品,华北,9,1170.13,0.9,1,9478.05
ORD000017,2024-05-29,笔记本电脑,电子产品,西南,4,1928.65,0.84,1,6480.26
ORD000018,2024-11-04,平板,配件,西南,2,6960.44,0.92,5,12807.21
ORD000019,2024-09-14,平板,配件,华东,4,7419.06,0.81,3,24037.75
ORD000020,2024-12-09,笔记本电脑,配件,华南,1,3415.06,0.89,2,3039.4
ORD000021,2024-10-20,智能手表,电子产品,西北,19,499.92,0.76,2,7218.84
ORD000022,2024-07-10,耳机,电子产品,西北,10,411.2,0.92,1,3783.04
ORD000023,2024-10-03,耳机,配件,华东,15,4634.2,0.86,5,59781.18
ORD000024,2024-06-09,手机,配件,华南,19,3203.87,0.76,1,46263.88
ORD000025,2024-11-09,智能手表,电子产品,华北,16,326.35,0.79,1,4125.06
ORD000026,2024-01-22,平板,配件,华东,4,4707.69,0.92,5,17324.3
ORD000027,2024-09-09,笔记本电脑,配件,华东,2,189.29,0.84,3,318.01
ORD000028,2024-08-23,手机,配件,西北,13,6320.24,0.76,2,62443.97
ORD000029,2024-12-10,耳机,电子产品,华东,1,2520.82,0.99,3,2495.61
ORD000030,2024-02-18,平板,电子产品,华东,17,418.04,0.91,4,6467.08
ORD000031,2024-02-28,平板,配件,华东,13,4747.98,0.99,4,61106.5
ORD000032,2024-06-18,笔记本电脑,电子产品,西北,4,3241.71,0.83,4,10762.48
ORD000033,2024-07-06,耳机,电子产品,华北,7,7793.02,0.84,5,45822.96
ORD000034,2024-09-27,智能手表,配件,华北,17,4399.17,0.97,1,72542.31
ORD000035,2024-07-08,平板,配件,华东,9,2274.39,0.86,3,17603.78
ORD000036,2024-06-23,笔记本电脑,电子产品,西北,4,5704.57,0.91,2,20764.63
ORD000037,2024-02-20,智能手表,配件,华北,19,2244.79,0.78,4,33267.79
ORD000038,2024-12-29,耳机,配件,华北,1,7243.52,0.83,3,6012.12
ORD000039,2024-02-24,平板,电子产品,华北,10,3060.3,0.74,4,22646.22
ORD000040,2024-08-31,智能手表,配件,西北,4,4443.96,0.76,4,13509.64
ORD000041,2024-11-15,智能手表,电子产品,西北,9,499.53,0.7,2,3147.04
ORD000042,2024-05-10,智能手表,电子产品,华东,13,3466.36,0.71,5,31994.5
ORD000043,2024-11-02,平板,配件,西南,14,6675.67,0.99,1,92524.79
ORD000044,2024-05-14,平板,配件,华北,10,6464.63,0.77,5,49777.65
ORD000045,2024-01-21,手机,配件,西南,6,1872.12,0.9,3,10109.45
ORD000046,2024-11-24,耳机,电子产品,西北,16,1886.02,0.95,5,28667.5
ORD000047,2024-06-15,笔记本电脑,电子产品,西北,6,6556.71,0.87,3,34226.03
ORD000048,2024-09-30,智能手表,配件,西北,17,7450.15,0.75,3,94989.41
ORD000049,2024-03-29,手机,配件,西南,10,853.35,0.92,1,7850.82
ORD000050,2024-11-11,笔记本电脑,配件,西北,18,3655.46,0.88,2,57902.49
ORD000051,2024-01-14,手机,配件,华东,18,2765.89,0.92,1,45803.14
ORD000052,2024-08-29,平板,电子产品,西北,3,6978.44,0.93,5,19469.85
ORD000053,2024-09-21,智能手表,配件,华南,15,759.85,0.99,3,11283.77
ORD000054,2024-12-11,笔记本电脑,配件,西南,15,1767.89,0.87,4,23070.96
ORD000055,2024-02-22,笔记本电脑,电子产品,华南,4,6044.5,0.8,4,19342.4
ORD000056,2024-12-05,笔记本电脑,电子产品,西北,9,505.22,0.89,3,4046.81
ORD000057,2024-04-01,笔记本电脑,配件,华东,19,3991.03,0.72,1,54597.29
ORD000058,2024-09-20,笔记本电脑,电子产品,华北,17,3592.65,0.97,2,59242.8
ORD000059,2024-02-04,手机,电子产品,西北,11,2741.77,0.74,1,22318.01
ORD000060,2024-07-24,智能手表,电子产品,华东,9,3217.12,0.8,3,23163.26
ORD000061,2024-03-21,平板,配件,西南,10,4286.53,0.94,3,40293.38
ORD000062,2024-02-19,平板,配件,华南,18,1374.8,0.88,2,21776.83
ORD000063,2024-12-25,平板,电子产品,华南,13,4618.77,0.82,5,49236.09
ORD000064,2024-01-02,平板,电子产品,华南,8,6462.92,0.84,5,43430.82
ORD000065,2024-02-23,手机,电子产品,西南,7,6105.27,0.96,2,41027.41
ORD000066,2024-04-15,耳机,配件,华东,17,1315.81,0.8,5,17895.02
ORD000067,2024-09-16,智能手表,电子产品,西南,15,1279.07,0.96,4,18418.61
ORD000068,2024-11-05,笔记本电脑,配件,华南,15,2218.58,0.73,5,24293.45
ORD000069,2024-07-09,耳机,电子产品,西北,1,2952.49,0.93,5,2745.82
ORD000070,2024-08-05,平板,电子产品,华北,14,3326.8,0.95,5,44246.44
ORD000071,2024-02-13,耳机,配件,西南,5,5469.61,0.75,4,20511.04
ORD000072,2024-06-10,智能手表,电子产品,西南,11,547.78,0.83,5,5001.23
ORD000073,2024-07-20,笔记本电脑,配件,华东,16,373.91,0.75,4,4486.92
ORD000074,2024-09-26,笔记本电脑,配件,华东,2,3196.09,0.91,2,5816.88
ORD000075,2024-12-16,智能手表,配件,西南,8,5607.59,0.86,1,38580.22
ORD000076,2024-10-30,智能手表,电子产品,华南,11,1628.14,0.89,2,15939.49
ORD000077,2024-09-27,平板,配件,华北,18,5167.89,0.76,1,70696.74
ORD000078,2024-08-02,笔记本电脑,配件,华东,3,2152.64,0.76,2,4908.02
ORD000079,2024-09-08,耳机,电子产品,华南,1,7100.08,0.71,1,5041.06
ORD000080,2024-07-08,手机,电子产品,西北,11,7175.95,0.8,1,63148.36
ORD000081,2024-10-22,手机,配件,华东,16,2448.57,0.87,3,34084.09
ORD000082,2024-07-31,智能手表,配件,华南,18,1916.95,0.96,1,33124.9
ORD000083,2024-07-26,平板,配件,华南,16,3349.3,0.9,1,48229.92
ORD000084,2024-08-24,手机,电子产品,华北,10,2000.2,0.83,3,16601.66
ORD000085,2024-12-03,笔记本电脑,电子产品,华北,18,5411.83,0.99,5,96438.81
ORD000086,2024-02-22,智能手表,电子产品,西北,6,6625.91,0.92,5,36575.02
ORD000087,2024-10-06,耳机,电子产品,华南,19,5417.43,0.98,3,100872.55
ORD000088,2024-08-04,智能手表,电子产品,华南,4,6612.37,0.86,4,22746.55
ORD000089,2024-09-08,耳机,电子产品,华北,13,3236.24,0.78,1,32815.47
ORD000090,2024-07-06,智能手表,配件,华东,14,1334.9,0.72,1,13455.79
ORD000091,2024-02-10,智能手表,电子产品,华东,3,5929.81,0.92,3,16366.28
ORD000092,2024-06-05,智能手表,电子产品,西南,10,2947.75,0.74,3,21813.35
ORD000093,2024-01-15,耳机,电子产品,华北,6,5403.04,0.79,4,25610.41
ORD000094,2024-10-27,耳机,电子产品,西南,1,2238.09,0.86,5,1924.76
ORD000095,2024-03-05,智能手表,配件,华北,14,741.71,0.87,2,9034.03
ORD000096,2024-12-10,手机,配件,西北,8,7941.4,0.88,5,55907.46
ORD000097,2024-11-22,平板,电子产品,华南,19,1333.99,0.75,1,19009.36
ORD000098,2024-01-09,平板,电子产品,西北,14,7908.53,0.81,3,89682.73
ORD000099,2024-12-09,平板,配件,华北,10,7820.51,0.89,4,69602.54
ORD000100,2024-05-08,耳机,配件,华南,17,6371.16,0.99,5,107226.62
ORD000101,2024-05-15,耳机,电子产品,华东,9,5309.44,0.92,4,43962.16
ORD000102,2024-03-03,手机,电子产品,华东,6,4664.68,0.98,5,27428.32
ORD000103,2024-05-18,平板,电子产品,西南,11,6942.2,0.93,1,71018.71
ORD000104,2024-03-21,平板,电子产品,华北,7,2386.57,0.88,2,14701.27
ORD000105,2024-06-11,智能手表,配件,华北,17,3794.68,0.76,4,49027.27
ORD000106,2024-10-15,耳机,电子产品,华东,1,4993.18,0.9,4,4493.86
ORD000107,2024-09-17,平板,电子产品,西北,5,3348.4,0.89,2,14900.38
ORD000108,2024-08-18,手机,电子产品,华南,9,3477.14,0.88,4,27538.95
ORD000109,2024-02-10,手机,配件,西北,18,2709.25,0.85,4,41451.52
ORD000110,2024-01-28,平板,电子产品,西北,2,4557.43,0.86,5,7838.78
ORD000111,2024-05-14,耳机,电子产品,华东,11,6819.54,0.8,5,60011.95
ORD000112,2024-07-19,手机,配件,华东,6,1692.07,0.86,2,8731.08
ORD000113,2024-11-23,智能手表,电子产品,华东,8,7482.02,0.76,1,45490.68
ORD000114,2024-09-24,手机,电子产品,西南,4,5543.79,0.94,4,20844.65
ORD000115,2024-02-02,笔记本电脑,配件,西北,18,6603.86,0.76,1,90340.8
ORD000116,2024-02-17,笔记本电脑,电子产品,华北,11,4493.91,0.73,2,36086.1
ORD000117,2024-03-02,耳机,配件,华南,5,6258.18,0.83,2,25971.45
ORD000118,2024-08-03,平板,电子产品,西南,15,227.98,0.9,5,3077.73
ORD000119,2024-10-19,耳机,配件,华北,18,6565.21,0.83,4,98084.24
ORD000120,2024-04-08,耳机,电子产品,西北,2,417.1,0.78,3,650.68
ORD000121,2024-06-20,耳机,电子产品,华东,11,7130.32,0.87,2,68237.16
ORD000122,2024-12-25,耳机,电子产品,西北,13,7936.51,0.8,4,82539.7
ORD000123,2024-08-01,智能手表,配件,华南,4,2423.13,0.98,1,9498.67
ORD000124,2024-02-04,智能手表,配件,西南,7,1761.52,0.98,5,12084.03
ORD000125,2024-08-14,手机,电子产品,西南,11,6146.37,0.85,1,57468.56
ORD000126,2024-04-10,笔记本电脑,电子产品,华南,4,2098.91,0.8,2,6716.51
ORD000127,2024-05-10,耳机,电子产品,华北,15,6937.94,0.92,2,95743.57
ORD000128,2024-09-13,手机,电子产品,华北,1,912.46,0.71,1,647.85
ORD000129,2024-01-05,笔记本电脑,配件,西南,3,1095.05,0.84,2,2759.53
ORD000130,2024-08-05,平板,电子产品,西南,14,7835.3,0.8,4,87755.36
ORD000131,2024-09-11,智能手表,电子产品,华东,6,5423.33,0.98,2,31889.18
ORD000132,2024-12-24,笔记本电脑,电子产品,华北,18,6790.41,0.7,5,85559.17
ORD000133,2024-10-09,平板,配件,华南,1,2662.2,0.87,4,2316.11
ORD000134,2024-07-25,笔记本电脑,电子产品,华北,6,5444.22,0.92,3,30052.09
ORD000135,2024-01-15,智能手表,电子产品,华东,6,4794.51,0.85,2,24452.0
ORD000136,2024-12-11,智能手表,电子产品,西南,16,4864.89,0.73,2,56821.92
ORD000137,2024-02-11,手机,配件,西南,5,5492.01,0.99,5,27185.45
ORD000138,2024-06-27,耳机,电子产品,华东,17,4645.34,0.86,5,67914.87
ORD000139,2024-03-03,笔记本电脑,配件,华南,10,3489.59,0.88,1,30708.39
ORD000140,2024-12-17,笔记本电脑,电子产品,西南,18,2279.79,0.77,1,31597.89
ORD000141,2024-08-18,平板,电子产品,西北,7,6171.79,0.85,1,36722.15
ORD000142,2024-08-28,智能手表,配件,西南,3,1887.55,0.83,5,4700.0
ORD000143,2024-02-21,笔记本电脑,配件,西北,13,5569.6,0.72,1,52131.46
ORD000144,2024-04-05,智能手表,配件,华东,15,1943.33,0.73,1,21279.46
ORD000145,2024-08-09,笔记本电脑,电子产品,华东,19,5040.11,0.95,3,90973.99
ORD000146,2024-08-18,手机,配件,西南,3,6001.92,0.77,1,13864.44
ORD000147,2024-08-24,耳机,电子产品,华北,4,1827.84,0.76,2,5556.63
ORD000148,2024-05-22,笔记本电脑,电子产品,西北,5,573.55,0.85,5,2437.59
ORD000149,2024-06-19,智能手表,电子产品,华南,1,1134.69,0.93,4,1055.26
ORD000150,2024-01-29,手机,电子产品,西南,4,4887.38,0.72,3,14075.65
ORD000151,2024-02-05,笔记本电脑,电子产品,华南,12,6810.63,0.87,5,71102.98
ORD000152,2024-01-13,平板,配件,西南,10,455.47,0.74,5,3370.48
ORD000153,2024-06-08,耳机,配件,华北,13,5899.79,0.71,2,54455.06
ORD000154,2024-11-22,笔记本电脑,电子产品,华北,14,2796.42,0.72,1,28187.91
ORD000155,2024-07-05,手机,配件,华北,5,3880.37,0.95,2,18431.76
ORD000156,2024-08-30,平板,电子产品,华北,4,7437.99,0.74,1,22016.45
ORD000157,2024-03-26,手机,配件,华东,14,2722.57,0.71,1,27062.35
ORD000158,2024-10-10,手机,配件,华东,10,3776.16,0.83,5,31342.13
ORD000159,2024-03-06,平板,配件,西北,17,208.09,0.95,1,3360.65
ORD000160,2024-06-18,手机,电子产品,华南,10,744.63,0.78,3,5808.11
ORD000161,2024-02-14,平板,配件,西南,7,2142.87,0.83,3,12450.07
ORD000162,2024-03-02,笔记本电脑,电子产品,西南,16,320.03,0.71,3,3635.54
ORD000163,2024-05-13,平板,电子产品,华东,1,5087.87,0.83,5,4222.93
ORD000164,2024-10-10,平板,配件,西南,17,3468.55,0.87,2,51299.85
ORD000165,2024-01-28,耳机,配件,华东,9,4430.35,0.87,4,34689.64
ORD000166,2024-04-17,平板,电子产品,西北,6,1479.71,0.8,1,7102.61
ORD000167,2024-02-13,平板,电子产品,华南,19,2437.86,0.79,4,36592.28
ORD000168,2024-12-05,笔记本电脑,电子产品,西北,13,5344.21,0.73,2,50716.55
ORD000169,2024-10-12,耳机,配件,华北,3,7725.89,0.81,2,18773.91
ORD000170,2024-11-26,智能手表,电子产品,华北,7,498.29,0.73,5,2546.26
ORD000171,2024-05-07,笔记本电脑,电子产品,华北,9,7134.04,0.93,3,59711.91
ORD000172,2024-12-13,笔记本电脑,电子产品,西北,5,4657.36,0.99,3,23053.93
ORD000173,2024-08-18,智能手表,电子产品,西南,10,4554.96,0.99,2,45094.1
ORD000174,2024-07-08,平板,配件,华南,17,4052.2,0.96,5,66131.9
ORD000175,2024-08-12,手机,配件,华北,12,648.21,0.88,5,6845.1
ORD000176,2024-10-09,耳机,电子产品,华北,16,810.03,0.91,1,11794.04
ORD000177,2024-04-30,手机,配件,华北,3,4847.2,0.79,3,11487.86
ORD000178,2024-04-25,智能手表,配件,华南,9,2793.57,0.89,2,22376.5
ORD000179,2024-08-20,笔记本电脑,配件,华北,15,7346.42,0.84,4,92564.89
ORD000180,2024-09-15,笔记本电脑,配件,华南,5,3312.07,0.84,3,13910.69
ORD000181,2024-12-24,耳机,电子产品,华北,13,1231.92,0.93,1,14893.91
ORD000182,2024-07-16,笔记本电脑,电子产品,西北,14,5746.28,0.78,5,62749.38
ORD000183,2024-05-16,笔记本电脑,电子产品,西北,15,2417.49,0.8,2,29009.88
ORD000184,2024-11-13,耳机,配件,华南,16,4251.22,0.98,3,66659.13
ORD000185,2024-06-13,耳机,电子产品,西北,13,5612.88,0.72,4,52536.56
ORD000186,2024-08-12,智能手表,配件,华南,17,7212.09,0.85,1,104214.7
ORD000187,2024-11-02,笔记本电脑,配件,西北,8,6358.31,0.97,1,49340.49
ORD000188,2024-08-21,笔记本电脑,电子产品,西北,2,5443.25,0.88,3,9580.12
ORD000189,2024-06-20,智能手表,配件,华南,5,5469.1,0.86,4,23517.13
ORD000190,2024-05-31,平板,配件,西南,6,7572.8,0.77,1,34986.34
ORD000191,2024-11-10,平板,电子产品,西北,12,2437.01,0.8,2,23395.3
ORD000192,2024-06-08,平板,配件,华北,18,108.79,0.96,1,1879.89
ORD000193,2024-04-05,智能手表,配件,西南,1,2248.44,0.87,4,1956.14
ORD000194,2024-08-20,笔记本电脑,配件,华南,17,1821.34,0.85,5,26318.36
ORD000195,2024-06-28,智能手表,电子产品,西南,11,5328.49,0.73,5,42787.77
ORD000196,2024-04-22,智能手表,电子产品,华东,10,5106.32,0.7,3,35744.24
ORD000197,2024-11-13,平板,配件,华东,19,4788.34,0.99,4,90068.68
ORD000198,2024-02-21,手机,配件,西北,14,228.32,0.81,1,2589.15
ORD000199,2024-09-24,笔记本电脑,电子产品,西北,10,5857.35,0.88,1,51544.68
ORD000200,2024-10-21,平板,电子产品,华北,15,2655.89,0.72,5,28683.61
ORD000201,2024-04-22,手机,配件,西南,19,5353.94,0.9,5,91552.37
ORD000202,2024-04-10,手机,配件,华东,4,4496.97,0.98,2,17628.12
ORD000203,2024-04-22,耳机,配件,西北,2,2807.57,0.87,5,4885.17
ORD000204,2024-03-21,笔记本电脑,电子产品,西南,9,1163.15,0.74,2,7746.58
ORD000205,2024-07-05,手机,配件,西北,10,845.91,0.87,1,7359.42
ORD000206,2024-04-22,平板,配件,西北,11,6668.99,0.93,2,68223.77
ORD000207,2024-01-02,耳机,电子产品,华东,14,7355.34,0.82,2,84439.3
ORD000208,2024-05-09,笔记本电脑,电子产品,华东,7,5233.33,0.96,3,35167.98
ORD000209,2024-08-07,智能手表,配件,西北,15,917.13,0.89,5,12243.69
ORD000210,2024-02-23,平板,电子产品,华南,19,3276.02,0.97,2,60377.05
ORD000211,2024-12-08,手机,电子产品,西北,15,5858.62,0.89,1,78212.58
ORD000212,2024-08-11,手机,配件,西北,8,6260.58,0.74,4,37062.63
ORD000213,2024-08-12,平板,电子产品,华北,11,1033.93,0.79,2,8984.85
ORD000214,2024-05-05,手机,电子产品,华北,9,100.24,0.76,5,685.64
ORD000215,2024-05-09,耳机,电子产品,华北,15,5725.88,0.97,3,83311.55
ORD000216,2024-02-22,笔记本电脑,电子产品,华南,1,2917.11,0.93,1,2712.91
ORD000217,2024-06-20,耳机,电子产品,华南,1,2110.4,0.9,3,1899.36
ORD000218,2024-08-05,手机,电子产品,西北,19,201.89,0.79,4,3030.37
ORD000219,2024-06-08,智能手表,电子产品,华北,3,4368.37,0.76,2,9959.88
ORD000220,2024-07-16,笔记本电脑,配件,华南,10,6824.09,0.93,2,63464.04
ORD000221,2024-09-03,笔记本电脑,电子产品,华东,8,7665.29,0.84,5,51510.75
ORD000222,2024-11-19,平板,配件,西北,15,4569.39,0.77,2,52776.45
ORD000223,2024-07-21,平板,电子产品,西南,10,4164.24,0.88,1,36645.31
ORD000224,2024-07-02,智能手表,电子产品,西北,1,771.95,0.71,4,548.08
ORD000225,2024-05-02,笔记本电脑,电子产品,西南,18,4436.1,0.8,3,63879.84
ORD000226,2024-09-11,智能手表,配件,华北,2,3101.83,0.84,4,5211.07
ORD000227,2024-10-20,平板,配件,西南,19,4896.37,0.74,2,68842.96
ORD000228,2024-10-06,平板,配件,华北,13,3170.94,1.0,3,41222.22
ORD000229,2024-11-20,笔记本电脑,电子产品,华东,1,1998.36,0.76,5,1518.75
ORD000230,2024-04-07,耳机,配件,西南,2,850.23,0.74,4,1258.34
ORD000231,2024-07-16,手机,电子产品,西北,16,2587.86,0.76,3,31468.38
ORD000232,2024-08-27,平板,电子产品,华北,15,863.49,0.93,3,12045.69
ORD000233,2024-05-23,平板,电子产品,西北,13,1497.49,0.83,3,16157.92
ORD000234,2024-04-06,耳机,配件,华南,16,7899.96,0.87,1,109967.44
ORD000235,2024-07-19,耳机,电子产品,华北,17,3608.42,0.71,4,43553.63
ORD000236,2024-05-03,智能手表,电子产品,西南,7,4301.79,0.71,3,21379.9
ORD000237,2024-07-05,智能手表,电子产品,华北,17,7001.59,0.83,4,98792.43
ORD000238,2024-11-21,手机,配件,西北,7,7964.99,0.94,3,52409.63
ORD000239,2024-12-14,手机,电子产品,华东,13,4703.44,0.97,5,59310.38
ORD000240,2024-09-15,笔记本电脑,配件,华北,5,6518.54,0.73,5,23792.67
ORD000241,2024-05-27,智能手表,电子产品,西南,17,2682.83,0.86,5,39222.97
ORD000242,2024-09-08,平板,电子产品,华南,3,2515.38,0.97,2,7319.76
ORD000243,2024-12-11,智能手表,电子产品,华东,7,3281.36,0.82,3,18835.01
ORD000244,2024-05-26,平板,电子产品,华南,17,5412.81,0.95,2,87416.88
ORD000245,2024-05-27,耳机,电子产品,华北,7,5489.31,0.74,4,28434.63
ORD000246,2024-12-17,智能手表,电子产品,西北,1,2590.39,0.98,2,2538.58
ORD000247,2024-07-17,耳机,配件,西北,17,1152.36,0.93,4,18218.81
ORD000248,2024-11-03,手机,电子产品,西南,17,5095.93,0.98,4,84898.19
ORD000249,2024-05-07,手机,电子产品,西北,11,1113.77,0.9,4,11026.32
ORD000250,2024-02-08,笔记本电脑,电子产品,华东,3,4670.09,0.81,2,11348.32
ORD000251,2024-12-03,智能手表,电子产品,西北,15,5578.03,0.98,3,81997.04
ORD000252,2024-12-25,耳机,电子产品,西南,11,5634.83,0.78,2,48346.84
ORD000253,2024-05-08,平板,配件,华北,16,6052.43,0.8,3,77471.1
ORD000254,2024-09-23,手机,电子产品,华北,9,6995.59,0.91,3,57293.88
ORD000255,2024-05-30,手机,配件,西北,1,4049.68,0.93,4,3766.2
ORD000256,2024-10-24,平板,电子产品,华南,16,5868.97,0.98,2,92025.45
ORD000257,2024-04-08,耳机,配件,华北,9,4991.46,0.76,3,34141.59
ORD000258,2024-09-19,耳机,配件,西北,19,1574.46,0.94,5,28119.86
ORD000259,2024-09-08,智能手表,电子产品,西南,12,302.95,0.92,3,3344.57
ORD000260,2024-05-23,智能手表,电子产品,西北,19,2347.88,0.72,5,32119.0
ORD000261,2024-12-11,笔记本电脑,电子产品,华北,9,3599.97,0.82,2,26567.78
ORD000262,2024-04-21,手机,电子产品,西南,7,4975.14,0.78,2,27164.26
ORD000263,2024-02-29,智能手表,配件,西北,14,6814.68,0.79,2,75370.36
ORD000264,2024-01-02,耳机,配件,华东,19,1650.34,0.99,3,31042.9
ORD000265,2024-10-30,平板,电子产品,西南,19,1091.84,0.89,1,18463.01
ORD000266,2024-09-10,耳机,配件,华东,2,7711.49,0.92,3,14189.14
ORD000267,2024-05-19,手机,电子产品,华南,9,953.55,0.99,3,8496.13
ORD000268,2024-02-06,耳机,配件,西南,13,3880.08,0.81,4,40857.24
ORD000269,2024-06-08,笔记本电脑,电子产品,华东,15,4725.95,0.94,4,66635.89
ORD000270,2024-01-09,手机,配件,华北,3,4376.86,0.83,3,10898.38
ORD000271,2024-08-20,平板,配件,华北,11,779.65,0.96,5,8233.1
ORD000272,2024-04-08,笔记本电脑,配件,华南,14,550.51,0.75,4,5780.36
ORD000273,2024-05-26,手机,配件,西南,8,933.32,0.98,3,7317.23
ORD000274,2024-10-30,平板,配件,西南,18,4726.14,0.77,1,65504.3
ORD000275,2024-07-26,笔记本电脑,配件,西南,19,4400.32,0.8,5,66884.86
ORD000276,2024-05-10,笔记本电脑,配件,华南,16,1946.55,0.93,2,28964.66
ORD000277,2024-05-31,手机,电子产品,西南,2,5138.42,0.82,3,8427.01
ORD000278,2024-02-23,智能手表,配件,华北,8,6578.53,0.88,3,46312.85
ORD000279,2024-04-29,笔记本电脑,配件,华东,6,428.47,0.83,5,2133.78
ORD000280,2024-06-09,笔记本电脑,配件,华北,12,4035.23,0.92,4,44548.94
ORD000281,2024-04-25,平板,电子产品,华北,15,5545.55,0.77,4,64051.1
ORD000282,2024-03-15,耳机,电子产品,华东,8,2093.26,0.72,4,12057.18
ORD000283,2024-04-22,手机,配件,华北,4,2531.39,0.79,2,7999.19
ORD000284,2024-04-13,手机,电子产品,华南,15,4947.74,0.84,5,62341.52
ORD000285,2024-12-05,智能手表,电子产品,华东,17,7193.69,0.75,5,91719.55
ORD000286,2024-09-10,智能手表,配件,华北,13,6498.4,0.81,4,68428.15
ORD000287,2024-08-14,手机,电子产品,西北,18,4706.73,0.82,4,69471.33
ORD000288,2024-04-21,智能手表,电子产品,华北,2,5868.75,0.72,1,8451.0
ORD000289,2024-04-08,平板,电子产品,华南,13,2982.1,0.87,1,33727.55
ORD000290,2024-06-01,手机,电子产品,西南,13,5163.63,0.97,3,65113.37
ORD000291,2024-12-14,智能手表,电子产品,华北,15,3782.83,0.75,3,42556.84
ORD000292,2024-12-03,手机,电子产品,西南,10,1600.5,0.88,5,14084.4
ORD000293,2024-07-12,耳机,电子产品,西北,3,5643.73,0.9,5,15238.07
ORD000294,2024-11-05,笔记本电脑,配件,华北,19,4496.07,0.83,2,70903.02
ORD000295,2024-06-11,手机,电子产品,华东,3,2933.11,0.91,2,8007.39
ORD000296,2024-07-26,笔记本电脑,电子产品,西南,14,7299.58,0.82,1,83799.18
ORD000297,2024-06-17,智能手表,电子产品,西北,8,265.38,0.85,3,1804.58
ORD000298,2024-06-09,笔记本电脑,电子产品,华东,4,2594.61,0.7,1,7264.91
ORD000299,2024-03-08,手机,配件,华东,11,549.36,0.91,1,5499.09
ORD000300,2024-10-15,耳机,电子产品,华东,11,6155.57,0.9,3,60940.14
ORD000301,2024-10-03,智能手表,配件,华东,11,5646.65,0.71,2,44100.34
ORD000302,2024-10-30,手机,电子产品,华北,2,2717.68,0.81,3,4402.64
ORD000303,2024-05-14,智能手表,配件,华北,17,5437.74,0.99,4,91517.16
ORD000304,2024-07-13,平板,电子产品,华北,9,3227.9,0.83,4,24112.41
ORD000305,2024-05-07,笔记本电脑,配件,西北,2,6074.4,0.85,4,10326.48
ORD000306,2024-02-02,平板,配件,西北,15,3688.05,0.97,5,53661.13
ORD000307,2024-06-24,手机,电子产品,西北,16,3357.01,0.92,2,49415.19
ORD000308,2024-01-22,耳机,配件,华南,4,7484.37,0.87,2,26045.61
ORD000309,2024-08-25,智能手表,配件,西北,8,2081.94,0.94,5,15656.19
ORD000310,2024-06-06,笔记本电脑,配件,华北,9,1051.53,0.96,1,9085.22
ORD000311,2024-02-07,智能手表,配件,华北,5,4717.89,0.84,4,19815.14
ORD000312,2024-08-17,手机,配件,华南,16,7757.64,0.84,4,104262.68
ORD000313,2024-12-30,智能手表,配件,华南,13,3084.93,0.82,1,32885.35
ORD000314,2024-02-20,笔记本电脑,配件,西北,7,590.09,0.99,3,4089.32
ORD000315,2024-09-20,手机,电子产品,西南,17,2780.51,0.91,3,43014.49
ORD000316,2024-10-09,智能手表,配件,华南,3,4096.86,0.72,2,8849.22
ORD000317,2024-01-27,耳机,配件,华东,5,1379.19,0.96,5,6620.11
ORD000318,2024-08-13,手机,配件,华北,19,5299.01,0.84,2,84572.2
ORD000319,2024-10-03,手机,电子产品,华东,12,7982.22,0.72,3,68966.38
ORD000320,2024-10-12,耳机,电子产品,华北,7,3668.74,0.86,1,22085.81
ORD000321,2024-04-06,平板,配件,华北,9,2902.36,0.83,2,21680.63
ORD000322,2024-10-10,笔记本电脑,配件,华南,6,3265.56,0.96,4,18809.63
ORD000323,2024-11-12,平板,配件,华南,17,1009.65,0.76,4,13044.68
ORD000324,2024-10-30,智能手表,配件,华东,16,7077.86,0.95,1,107583.47
ORD000325,2024-05-26,耳机,电子产品,华北,3,3377.12,0.87,3,8814.28
ORD000326,2024-01-04,平板,电子产品,华东,4,3159.47,0.72,4,9099.27
ORD000327,2024-02-04,手机,配件,西南,10,5311.55,0.99,4,52584.34
ORD000328,2024-07-10,智能手表,配件,华东,5,3592.06,0.85,5,15266.26
ORD000329,2024-02-18,智能手表,电子产品,西北,10,5221.04,0.79,2,41246.22
ORD000330,2024-01-17,平板,电子产品,华东,12,585.43,0.84,3,5901.13
ORD000331,2024-06-20,平板,配件,西北,10,6528.41,0.96,2,62672.74
ORD000332,2024-08-07,耳机,电子产品,西北,13,7529.98,0.79,3,77332.89
ORD000333,2024-06-06,笔记本电脑,配件,西北,11,5225.25,0.76,4,43683.09
ORD000334,2024-02-15,平板,配件,西南,16,7641.07,0.74,5,90470.27
ORD000335,2024-01-06,平板,电子产品,华东,8,1296.32,0.79,2,8192.74
ORD000336,2024-04-08,手机,电子产品,华东,8,3871.59,0.93,4,28804.63
ORD000337,2024-08-20,智能手表,配件,西南,8,4854.27,0.84,3,32620.69
ORD000338,2024-02-06,笔记本电脑,配件,华北,13,4695.72,0.77,2,47004.16
ORD000339,2024-10-06,手机,配件,华南,2,3271.55,0.75,2,4907.33
ORD000340,2024-12-14,耳机,电子产品,华东,12,2770.87,0.8,4,26600.35
ORD000341,2024-10-28,耳机,配件,华南,10,1101.91,0.98,2,10798.72
ORD000342,2024-06-29,平板,配件,西南,12,3194.77,0.8,5,30669.79
ORD000343,2024-04-04,平板,配件,华北,11,1385.02,1.0,5,15235.22
ORD000344,2024-04-08,耳机,电子产品,华北,15,5901.49,0.85,4,75244.0
ORD000345,2024-07-06,平板,电子产品,华北,16,1749.76,0.75,3,20997.12
ORD000346,2024-04-25,笔记本电脑,电子产品,西南,17,562.67,0.97,4,9278.43
ORD000347,2024-07-09,平板,配件,西北,2,4463.69,0.84,5,7499.0
ORD000348,2024-09-09,智能手表,电子产品,西北,18,4802.31,0.91,1,78661.84
ORD000349,2024-06-09,平板,配件,华南,12,6988.11,1.0,1,83857.32
ORD000350,2024-09-12,手机,配件,西北,19,4658.15,0.72,2,63723.49
ORD000351,2024-11-18,笔记本电脑,配件,西北,18,2829.3,0.73,2,37177.0
ORD000352,2024-05-07,手机,电子产品,华北,17,6443.79,0.92,1,100780.88
ORD000353,2024-01-18,手机,配件,华北,6,4368.2,0.78,5,20443.18
ORD000354,2024-10-07,智能手表,电子产品,华南,15,726.31,0.76,2,8279.93
ORD000355,2024-08-10,笔记本电脑,配件,华东,3,4570.22,0.71,4,9734.57
ORD000356,2024-02-23,笔记本电脑,配件,华南,6,7273.35,0.71,4,30984.47
ORD000357,2024-02-27,笔记本电脑,电子产品,华南,3,3230.87,0.93,5,9014.13
ORD000358,2024-11-18,笔记本电脑,电子产品,西南,1,2440.97,0.74,2,1806.32
ORD000359,2024-12-25,笔记本电脑,电子产品,西南,13,1233.41,0.84,4,13468.84
ORD000360,2024-06-22,智能手表,配件,华南,14,1296.42,0.88,2,15971.89
ORD000361,2024-10-06,平板,配件,华南,13,3518.89,0.83,2,37968.82
ORD000362,2024-04-23,手机,配件,华南,4,4805.87,0.71,4,13648.67
ORD000363,2024-10-14,笔记本电脑,电子产品,西北,7,736.86,0.94,1,4848.54
ORD000364,2024-12-07,平板,配件,西南,10,7522.59,0.7,4,52658.13
ORD000365,2024-05-30,平板,电子产品,华南,7,6065.56,0.93,5,39486.8
ORD000366,2024-05-06,手机,配件,华北,15,4734.33,0.97,3,68884.5
ORD000367,2024-06-03,智能手表,电子产品,华北,15,6644.67,0.83,4,82726.14
ORD000368,2024-09-29,耳机,电子产品,西北,4,733.48,0.86,2,2523.17
ORD000369,2024-04-13,耳机,电子产品,西北,6,3867.03,0.84,2,19489.83
ORD000370,2024-10-25,平板,电子产品,华东,5,5077.74,0.82,4,20818.73
ORD000371,2024-09-02,手机,电子产品,华东,12,6646.36,0.97,3,77363.63
ORD000372,2024-06-24,耳机,电子产品,华东,1,6289.41,0.97,4,6100.73
ORD000373,2024-02-08,平板,电子产品,西北,8,2288.85,0.8,3,14648.64
ORD000374,2024-06-18,智能手表,配件,西北,1,7532.95,0.88,3,6629.0
ORD000375,2024-09-03,耳机,配件,西北,5,1082.33,0.98,5,5303.42
ORD000376,2024-01-26,平板,电子产品,华北,6,7013.56,0.99,2,41660.55
ORD000377,2024-12-20,平板,电子产品,西北,3,7770.43,0.85,2,19814.6
ORD000378,2024-11-01,笔记本电脑,电子产品,华北,15,1499.51,0.84,3,18893.83
ORD000379,2024-01-13,智能手表,电子产品,华东,5,5804.32,0.78,2,22636.85
ORD000380,2024-11-11,笔记本电脑,配件,华东,14,418.26,0.99,1,5797.08
ORD000381,2024-11-08,手机,配件,华东,18,3302.84,0.74,3,43993.83
ORD000382,2024-02-05,笔记本电脑,配件,华南,16,4178.64,0.87,2,58166.67
ORD000383,2024-06-21,笔记本电脑,电子产品,华南,6,4687.1,0.78,1,21935.63
ORD000384,2024-01-20,耳机,电子产品,西南,14,7493.9,0.78,5,81833.39
ORD000385,2024-11-16,平板,电子产品,西南,8,5410.78,0.82,2,35494.72
ORD000386,2024-09-20,智能手表,电子产品,西南,7,3902.1,1.0,1,27314.7
ORD000387,2024-05-21,笔记本电脑,电子产品,华南,8,6496.43,0.72,4,37419.44
ORD000388,2024-05-22,智能手表,配件,华南,13,7609.21,0.87,4,86060.17
ORD000389,2024-04-01,笔记本电脑,配件,西南,6,274.32,0.72,1,1185.06
ORD000390,2024-12-19,手机,电子产品,西南,18,7861.92,0.75,3,106135.92
ORD000391,2024-11-17,笔记本电脑,配件,西北,2,780.44,0.83,3,1295.53
ORD000392,2024-10-14,耳机,配件,西南,8,6533.66,0.85,2,44428.89
ORD000393,2024-08-02,平板,电子产品,西北,11,2314.64,0.78,4,19859.61
ORD000394,2024-12-07,手机,配件,华北,1,1144.22,0.79,3,903.93
ORD000395,2024-02-20,笔记本电脑,配件,华南,6,3574.86,0.73,3,15657.89
ORD000396,2024-06-01,智能手表,电子产品,西南,16,5187.26,0.79,4,65566.97
ORD000397,2024-07-04,手机,电子产品,华南,12,3109.52,0.99,5,36941.1
ORD000398,2024-03-03,手机,电子产品,华南,11,531.07,0.98,3,5724.93
ORD000399,2024-07-08,笔记本电脑,配件,华南,10,4835.74,0.8,1,38685.92
ORD000400,2024-05-04,手机,电子产品,华北,3,7228.99,0.87,2,18867.66
ORD000401,2024-05-29,智能手表,电子产品,华东,13,3127.4,0.97,3,39436.51
ORD000402,2024-11-09,手机,电子产品,西南,3,1809.03,0.7,3,3798.96
ORD000403,2024-02-27,智能手表,配件,华东,15,3596.36,0.94,5,50708.68
ORD000404,2024-12-07,笔记本电脑,配件,华东,16,482.07,0.98,1,7558.86
ORD000405,2024-10-31,平板,配件,华东,13,6581.85,0.73,2,62461.76
ORD000406,2024-06-28,手机,电子产品,华南,17,6628.09,0.75,3,84508.15
ORD000407,2024-06-18,平板,配件,西北,3,4745.2,0.99,2,14093.24
ORD000408,2024-11-21,智能手表,电子产品,华南,11,2889.51,0.86,4,27334.76
ORD000409,2024-09-27,手机,配件,华南,19,6418.29,0.7,3,85363.26
ORD000410,2024-02-23,耳机,电子产品,华东,11,4482.03,0.78,3,38455.82
ORD000411,2024-04-10,平板,电子产品,华南,16,6624.87,0.83,4,87978.27
ORD000412,2024-09-20,手机,配件,华东,3,5088.52,0.91,5,13891.66
ORD000413,2024-02-22,平板,电子产品,西北,6,6296.8,0.92,3,34758.34
ORD000414,2024-02-29,手机,电子产品,西南,14,4828.65,1.0,2,67601.1
ORD000415,2024-04-17,笔记本电脑,电子产品,华东,18,3371.71,0.79,1,47945.72
ORD000416,2024-01-05,平板,配件,西北,17,7667.77,0.86,2,112102.8
ORD000417,2024-04-12,耳机,配件,西南,4,4374.8,0.86,5,15049.31
ORD000418,2024-07-14,耳机,电子产品,华北,15,4880.21,0.82,1,60026.58
ORD000419,2024-09-18,智能手表,配件,华东,11,1841.85,0.75,2,15195.26
ORD000420,2024-12-30,手机,电子产品,华东,3,5042.64,0.99,2,14976.64
ORD000421,2024-12-15,平板,电子产品,华北,3,4615.7,0.96,4,13293.22
ORD000422,2024-02-16,智能手表,电子产品,华北,16,1560.22,0.85,5,21218.99
ORD000423,2024-12-20,平板,电子产品,华东,5,570.74,0.88,4,2511.26
ORD000424,2024-11-06,手机,电子产品,华北,10,4874.44,0.77,1,37533.19
ORD000425,2024-11-03,耳机,电子产品,华南,19,6133.17,0.86,4,100216.0
ORD000426,2024-05-23,笔记本电脑,电子产品,西南,4,4234.87,0.91,5,15414.93
ORD000427,2024-09-25,耳机,配件,西南,19,1891.5,0.85,3,30547.72
ORD000428,2024-05-03,智能手表,配件,西南,11,5365.52,1.0,3,59020.72
ORD000429,2024-04-15,笔记本电脑,电子产品,华南,2,732.84,0.88,1,1289.8
ORD000430,2024-06-06,智能手表,电子产品,华北,10,3590.49,0.81,3,29082.97
ORD000431,2024-05-26,手机,电子产品,西北,11,1390.6,0.93,4,14225.84
ORD000432,2024-05-24,笔记本电脑,电子产品,华北,16,1557.23,0.75,1,18686.76
ORD000433,2024-04-29,智能手表,电子产品,华东,19,1698.12,0.82,5,26456.71
ORD000434,2024-11-14,手机,电子产品,西南,11,3154.99,0.8,1,27763.91
ORD000435,2024-10-01,耳机,配件,华北,14,504.09,0.83,1,5857.53
ORD000436,2024-04-01,手机,配件,西北,2,3242.57,0.93,2,6031.18
ORD000437,2024-02-27,平板,配件,华东,5,4142.49,0.85,2,17605.58
ORD000438,2024-12-11,手机,电子产品,华南,5,3918.02,0.94,1,18414.69
ORD000439,2024-08-16,手机,电子产品,华南,19,3123.99,0.87,3,51639.55
ORD000440,2024-04-26,平板,配件,西北,12,6729.26,0.8,2,64600.9
ORD000441,2024-11-13,智能手表,配件,华东,18,1248.08,0.94,5,21117.51
ORD000442,2024-10-05,智能手表,配件,西南,4,4095.0,0.77,4,12612.6
ORD000443,2024-05-06,手机,电子产品,华北,17,590.13,0.77,2,7724.8
ORD000444,2024-05-08,平板,电子产品,华东,10,662.13,0.85,1,5628.1
ORD000445,2024-02-27,平板,电子产品,华南,6,4633.54,0.78,3,21684.97
ORD000446,2024-05-01,耳机,电子产品,西北,14,4571.55,0.7,4,44801.19
ORD000447,2024-01-01,智能手表,电子产品,西北,11,7036.46,0.89,2,68886.94
ORD000448,2024-08-26,笔记本电脑,电子产品,华北,11,4507.2,0.85,3,42142.32
ORD000449,2024-10-16,智能手表,电子产品,西北,18,7682.35,0.83,3,114774.31
ORD000450,2024-04-05,智能手表,电子产品,西北,18,484.69,0.99,3,8637.18
ORD000451,2024-05-05,耳机,配件,华东,11,874.26,0.87,1,8366.67
ORD000452,2024-04-27,笔记本电脑,电子产品,西南,12,448.12,0.96,5,5162.34
ORD000453,2024-02-17,耳机,电子产品,华北,5,1563.69,0.74,3,5785.65
ORD000454,2024-03-29,笔记本电脑,电子产品,华东,9,4376.03,0.87,4,34264.31
ORD000455,2024-08-24,手机,配件,西南,9,5200.02,0.96,2,44928.17
ORD000456,2024-09-28,笔记本电脑,配件,华东,10,460.12,0.87,4,4003.04
ORD000457,2024-07-07,耳机,配件,华东,19,7573.17,0.92,1,132379.01
ORD000458,2024-07-10,智能手表,配件,西北,1,6753.11,0.81,1,5470.02
ORD000459,2024-03-09,笔记本电脑,电子产品,西南,7,2443.24,0.73,4,12484.96
ORD000460,2024-10-04,笔记本电脑,电子产品,华北,4,709.78,0.84,5,2384.86
ORD000461,2024-12-14,平板,配件,华北,1,1442.11,0.82,1,1182.53
ORD000462,2024-09-03,智能手表,电子产品,西南,15,1102.86,0.96,1,15881.18
ORD000463,2024-03-16,手机,电子产品,西北,8,1073.94,0.77,4,6615.47
ORD000464,2024-06-02,耳机,电子产品,华南,12,4196.64,0.99,1,49856.08
ORD000465,2024-05-23,手机,配件,华东,18,2042.19,0.99,5,36391.83
ORD000466,2024-03-26,智能手表,电子产品,西北,15,2929.3,0.77,5,33833.42
ORD000467,2024-07-03,笔记本电脑,电子产品,西南,17,7917.09,0.8,5,107672.42
ORD000468,2024-10-11,笔记本电脑,配件,华东,14,5506.08,0.97,2,74772.57
ORD000469,2024-08-07,智能手表,配件,华北,14,7596.95,0.99,5,105293.73
ORD000470,2024-03-09,笔记本电脑,配件,华南,18,1226.2,0.83,5,18319.43
ORD000471,2024-02-16,笔记本电脑,配件,华北,18,3118.9,0.8,2,44912.16
ORD000472,2024-04-03,笔记本电脑,电子产品,西南,16,4482.38,0.86,3,61677.55
ORD000473,2024-08-25,耳机,电子产品,华东,1,706.39,0.91,1,642.81
ORD000474,2024-07-22,耳机,电子产品,西南,11,133.08,0.78,5,1141.83
ORD000475,2024-08-05,平板,配件,华东,15,5396.43,0.92,1,74470.73
ORD000476,2024-12-06,手机,配件,西北,12,5170.37,0.72,4,44672.0
ORD000477,2024-02-08,智能手表,配件,华南,8,3345.23,0.71,1,19000.91
ORD000478,2024-04-09,智能手表,电子产品,西北,6,3968.19,0.82,2,19523.49
ORD000479,2024-10-15,智能手表,电子产品,西北,3,3382.0,0.81,1,8218.26
ORD000480,2024-09-10,平板,配件,西南,13,289.64,0.79,1,2974.6
ORD000481,2024-08-09,耳机,配件,华南,13,2749.44,0.85,1,30381.31
ORD000482,2024-12-22,平板,配件,华东,2,1498.95,0.8,3,2398.32
ORD000483,2024-01-23,智能手表,电子产品,华东,5,877.55,0.76,3,3334.69
ORD000484,2024-09-06,手机,电子产品,华北,17,7658.09,0.79,4,102848.15
ORD000485,2024-01-10,笔记本电脑,电子产品,华东,6,4834.94,0.99,2,28719.54
ORD000486,2024-09-02,耳机,配件,西南,2,5856.38,0.82,1,9604.46
ORD000487,2024-11-20,耳机,配件,西北,4,2591.37,0.83,1,8603.35
ORD000488,2024-04-09,平板,电子产品,西北,11,3205.86,0.87,1,30680.08
ORD000489,2024-10-16,耳机,配件,西北,8,1971.7,1.0,1,15773.6
ORD000490,2024-06-28,智能手表,配件,华南,12,866.03,0.77,3,8002.12
ORD000491,2024-08-10,智能手表,电子产品,华东,8,1514.35,0.9,4,10903.32
ORD000492,2024-09-06,平板,电子产品,西南,11,6400.36,0.91,5,64067.6
ORD000493,2024-05-26,智能手表,电子产品,华南,8,5452.61,0.88,2,38386.37
ORD000494,2024-04-05,手机,配件,华北,8,4420.74,0.73,1,25817.12
ORD000495,2024-09-13,平板,配件,西南,17,3853.21,0.9,4,58954.11
ORD000496,2024-11-20,手机,电子产品,西南,16,7387.23,0.72,5,85100.89
ORD000497,2024-01-04,笔记本电脑,配件,西南,14,674.61,0.88,4,8311.2
ORD000498,2024-01-16,手机,电子产品,西北,11,2316.75,0.92,3,23445.51
ORD000499,2024-10-06,笔记本电脑,电子产品,西南,7,2864.51,0.76,5,15239.19
ORD000500,2024-12-01,笔记本电脑,电子产品,华东,16,6281.16,0.95,4,95473.63
ORD000501,2024-09-03,手机,配件,西南,13,7940.87,0.71,3,73294.23
ORD000502,2024-09-14,平板,配件,西北,15,2001.3,0.95,4,28518.52
ORD000503,2024-06-08,智能手表,电子产品,西南,16,7007.03,0.84,4,94174.48
ORD000504,2024-12-05,智能手表,电子产品,华北,9,6661.92,0.77,5,46167.11
ORD000505,2024-05-31,笔记本电脑,配件,华北,3,1874.79,0.74,3,4162.03
ORD000506,2024-06-26,笔记本电脑,电子产品,西北,19,3254.73,0.99,1,61221.47
ORD000507,2024-06-11,平板,电子产品,华东,5,3336.42,0.72,2,12011.11
ORD000508,2024-02-02,耳机,电子产品,华东,10,7827.94,0.76,5,59492.34
ORD000509,2024-06-27,手机,电子产品,华南,17,1529.05,0.8,3,20795.08
ORD000510,2024-04-10,笔记本电脑,电子产品,西北,15,6413.35,0.89,4,85618.22
ORD000511,2024-09-24,智能手表,电子产品,西南,8,2740.12,0.86,3,18852.03
ORD000512,2024-11-18,平板,配件,西北,15,5873.88,0.74,2,65200.07
ORD000513,2024-03-05,手机,电子产品,华南,14,3418.09,0.79,2,37804.08
ORD000514,2024-06-16,平板,电子产品,西北,7,4669.04,0.77,1,25166.13
ORD000515,2024-11-25,手机,电子产品,西北,12,6677.63,0.76,1,60899.99
ORD000516,2024-02-12,手机,电子产品,华南,17,6452.91,0.82,2,89953.57
ORD000517,2024-02-13,笔记本电脑,配件,华东,17,6944.74,0.91,5,107435.13
ORD000518,2024-10-11,平板,电子产品,西南,10,570.98,0.77,5,4396.55
ORD000519,2024-01-12,平板,配件,华南,19,5567.2,0.81,4,85679.21
ORD000520,2024-04-04,智能手表,配件,华北,14,1205.9,0.82,1,13843.73
ORD000521,2024-10-28,智能手表,电子产品,华东,11,3384.97,0.99,4,36862.32
ORD000522,2024-09-09,笔记本电脑,电子产品,华北,2,4433.85,0.99,1,8779.02
ORD000523,2024-08-29,笔记本电脑,电子产品,华东,18,3281.64,0.94,2,55525.35
ORD000524,2024-02-04,耳机,配件,西南,7,4204.93,0.77,5,22664.57
ORD000525,2024-08-02,智能手表,电子产品,西南,12,7972.56,0.72,5,68882.92
ORD000526,2024-12-02,手机,电子产品,西北,2,1168.22,0.8,2,1869.15
ORD000527,2024-03-30,平板,电子产品,华北,18,5436.1,0.78,4,76322.84
ORD000528,2024-09-20,笔记本电脑,配件,华东,6,3228.41,0.85,4,16464.89
ORD000529,2024-04-02,平板,电子产品,西南,10,1150.78,0.93,3,10702.25
ORD000530,2024-03-30,平板,配件,华南,15,1354.02,0.96,1,19497.89
ORD000531,2024-04-24,耳机,电子产品,西南,5,7599.26,0.95,4,36096.48
ORD000532,2024-04-14,智能手表,电子产品,华南,3,7048.85,0.81,2,17128.71
ORD000533,2024-07-14,笔记本电脑,电子产品,华东,5,7265.63,0.91,4,33058.62
ORD000534,2024-11-09,平板,配件,西南,8,7933.11,0.79,5,50137.26
ORD000535,2024-04-23,笔记本电脑,电子产品,西南,8,1745.69,0.72,1,10055.17
ORD000536,2024-03-15,手机,配件,华东,8,2907.97,0.91,3,21170.02
ORD000537,2024-08-04,耳机,配件,西南,12,5386.83,0.7,1,45249.37
ORD000538,2024-10-03,手机,配件,华南,8,3922.04,0.82,5,25728.58
ORD000539,2024-09-05,笔记本电脑,配件,西南,11,3405.28,0.8,5,29966.46
ORD000540,2024-06-12,笔记本电脑,电子产品,华北,14,2926.71,0.91,5,37286.29
ORD000541,2024-12-22,智能手表,电子产品,西北,8,4790.87,0.93,5,35644.07
ORD000542,2024-07-10,平板,电子产品,华南,10,4647.19,0.79,2,36712.8
ORD000543,2024-08-14,平板,配件,华北,7,1375.52,0.94,3,9050.92
ORD000544,2024-06-25,手机,配件,华东,17,3826.74,0.79,5,51393.12
ORD000545,2024-04-08,耳机,配件,华南,4,4472.43,0.83,5,14848.47
ORD000546,2024-02-05,平板,电子产品,西北,13,4605.27,0.92,4,55079.03
ORD000547,2024-04-05,智能手表,配件,西北,4,1759.85,0.91,3,6405.85
ORD000548,2024-05-31,手机,配件,华东,5,5963.94,1.0,1,29819.7
ORD000549,2024-05-30,手机,电子产品,华东,4,299.07,0.77,3,921.14
ORD000550,2024-07-08,智能手表,配件,华南,18,2903.17,0.9,3,47031.35
ORD000551,2024-08-11,耳机,配件,西南,6,6263.68,0.88,3,33072.23
ORD000552,2024-02-06,智能手表,电子产品,华东,2,4554.75,0.97,5,8836.22
ORD000553,2024-09-24,耳机,配件,西南,11,2163.18,0.75,5,17846.24
ORD000554,2024-07-01,智能手表,配件,华北,14,5590.13,0.93,2,72783.49
ORD000555,2024-01-13,智能手表,电子产品,西北,5,4582.39,0.87,1,19933.4
ORD000556,2024-10-05,笔记本电脑,配件,西南,6,6390.32,0.78,4,29906.7
ORD000557,2024-08-04,手机,电子产品,西北,10,5906.7,0.84,3,49616.28
ORD000558,2024-12-20,智能手表,配件,西南,8,4919.85,0.8,1,31487.04
ORD000559,2024-12-26,智能手表,配件,华北,14,3956.6,0.87,1,48191.39
ORD000560,2024-10-12,平板,电子产品,华东,3,1152.14,0.97,2,3352.73
ORD000561,2024-09-29,手机,电子产品,华北,12,2164.53,0.87,4,22597.69
ORD000562,2024-03-02,平板,电子产品,华东,16,3410.89,0.89,3,48571.07
ORD000563,2024-03-24,手机,配件,华东,17,4834.46,0.86,4,70679.81
ORD000564,2024-08-04,平板,配件,西北,1,4158.29,0.72,2,2993.97
ORD000565,2024-12-07,智能手表,电子产品,华北,10,2376.66,0.77,5,18300.28
ORD000566,2024-07-05,智能手表,电子产品,西南,10,151.07,0.85,1,1284.09
ORD000567,2024-01-19,笔记本电脑,电子产品,华北,2,4020.29,0.79,3,6352.06
ORD000568,2024-06-25,平板,配件,西北,9,2356.45,0.75,5,15906.04
ORD000569,2024-04-09,耳机,配件,华东,13,5903.41,0.85,2,65232.68
ORD000570,2024-08-20,笔记本电脑,电子产品,西北,16,289.18,0.8,4,3701.5
ORD000571,2024-03-16,平板,配件,华南,18,4720.14,0.78,1,66270.77
ORD000572,2024-09-21,平板,配件,华南,19,7537.65,0.84,3,120300.89
ORD000573,2024-10-10,笔记本电脑,电子产品,西南,12,1477.83,0.74,5,13123.13
ORD000574,2024-07-24,智能手表,配件,西北,8,3826.03,0.98,5,29996.08
ORD000575,2024-08-10,平板,配件,西南,17,822.23,0.96,1,13418.79
ORD000576,2024-02-21,智能手表,电子产品,西南,15,5042.89,0.91,4,68835.45
ORD000577,2024-12-04,笔记本电脑,电子产品,华南,10,4449.2,0.73,2,32479.16
ORD000578,2024-05-23,智能手表,电子产品,西南,15,3318.19,0.93,4,46288.75
ORD000579,2024-03-09,手机,配件,华南,15,4218.88,0.94,4,59486.21
ORD000580,2024-04-08,耳机,电子产品,华东,7,7182.94,0.93,4,46760.94
ORD000581,2024-01-25,平板,电子产品,西北,13,1650.72,0.73,1,15665.33
ORD000582,2024-02-22,耳机,配件,西南,17,278.26,0.89,1,4210.07
ORD000583,2024-05-30,智能手表,电子产品,华南,9,6907.15,0.95,2,59056.13
ORD000584,2024-05-23,平板,电子产品,华北,8,4659.22,0.87,4,32428.17
ORD000585,2024-02-26,智能手表,电子产品,西南,18,7136.2,0.89,1,114321.92
ORD000586,2024-02-08,手机,配件,华东,13,4815.87,0.84,2,52589.3
ORD000587,2024-04-18,笔记本电脑,配件,华东,16,6500.27,0.86,2,89443.72
ORD000588,2024-06-29,平板,电子产品,华北,9,3494.42,0.71,4,22329.34
ORD000589,2024-02-11,手机,电子产品,华南,12,6023.89,0.89,3,64335.15
ORD000590,2024-07-04,手机,配件,西南,12,7313.03,0.72,4,63184.58
ORD000591,2024-08-10,平板,配件,华南,6,4619.77,0.83,3,23006.45
ORD000592,2024-05-01,智能手表,电子产品,华东,19,1528.2,0.79,2,22938.28
ORD000593,2024-05-12,手机,配件,华南,7,2223.5,0.86,1,13385.47
ORD000594,2024-06-11,耳机,电子产品,华东,3,1669.29,0.74,5,3705.82
ORD000595,2024-08-02,手机,电子产品,华南,16,2050.17,0.91,2,29850.48
ORD000596,2024-08-08,智能手表,电子产品,华北,18,2520.68,0.94,1,42649.91
ORD000597,2024-08-22,智能手表,配件,西北,16,4485.56,0.75,2,53826.72
ORD000598,2024-11-26,耳机,电子产品,华北,7,4745.13,0.73,4,24247.61
ORD000599,2024-05-25,手机,配件,华北,4,3469.35,0.74,3,10269.28
ORD000600,2024-08-26,智能手表,配件,西北,8,4961.82,0.96,2,38106.78
ORD000601,2024-03-16,平板,电子产品,西北,13,744.44,0.86,1,8322.84
ORD000602,2024-01-09,笔记本电脑,电子产品,西南,13,793.53,0.84,4,8665.35
ORD000603,2024-03-14,笔记本电脑,电子产品,西南,17,1457.45,0.73,5,18086.95
ORD000604,2024-09-09,笔记本电脑,配件,华北,17,4192.81,0.89,4,63437.22
ORD000605,2024-08-17,手机,电子产品,华北,5,1790.56,0.96,3,8594.69
ORD000606,2024-01-07,耳机,电子产品,华东,6,2337.95,0.95,4,13326.31
ORD000607,2024-06-22,智能手表,配件,华东,19,3262.47,0.89,5,55168.37
ORD000608,2024-05-20,平板,电子产品,西南,13,6513.74,0.72,1,60968.61
ORD000609,2024-06-16,平板,电子产品,西南,14,209.51,0.73,2,2141.19
ORD000610,2024-06-18,手机,配件,华东,4,5230.09,0.71,3,14853.46
ORD000611,2024-10-09,笔记本电脑,电子产品,华东,7,5384.12,0.78,5,29397.3
ORD000612,2024-05-01,手机,配件,华南,8,6409.38,0.74,3,37943.53
ORD000613,2024-07-12,耳机,电子产品,华南,13,7468.75,0.78,4,75733.12
ORD000614,2024-01-05,耳机,电子产品,华东,6,259.09,0.82,3,1274.72
ORD000615,2024-01-29,智能手表,电子产品,华南,6,1314.89,0.98,5,7731.55
ORD000616,2024-06-13,智能手表,电子产品,西北,3,7100.75,0.88,2,18745.98
ORD000617,2024-12-04,耳机,电子产品,西南,3,3722.3,0.95,2,10608.56
ORD000618,2024-05-15,耳机,配件,西南,13,4560.27,0.91,3,53947.99
ORD000619,2024-12-30,耳机,配件,华东,2,5337.91,0.73,1,7793.35
ORD000620,2024-11-16,手机,配件,华北,16,5464.63,0.92,3,80439.35
ORD000621,2024-12-07,耳机,配件,华东,6,7460.75,0.78,4,34916.31
ORD000622,2024-05-24,平板,电子产品,华南,8,7975.9,0.89,2,56788.41
ORD000623,2024-11-22,笔记本电脑,配件,华北,8,5789.24,0.8,2,37051.14
ORD000624,2024-08-04,耳机,电子产品,华南,6,2369.05,1.0,2,14214.3
ORD000625,2024-10-27,笔记本电脑,配件,西北,14,7050.04,0.78,1,76986.44
ORD000626,2024-05-11,手机,配件,华南,3,488.85,0.78,1,1143.91
ORD000627,2024-10-18,笔记本电脑,电子产品,西北,10,1925.54,0.98,5,18870.29
ORD000628,2024-03-10,手机,配件,西北,3,7189.35,0.71,3,15313.32
ORD000629,2024-09-08,平板,电子产品,华南,12,2123.91,0.91,3,23193.1
ORD000630,2024-10-01,手机,电子产品,华南,17,1843.14,0.92,4,28826.71
ORD000631,2024-12-29,手机,电子产品,西北,5,1191.19,0.95,2,5658.15
ORD000632,2024-06-30,智能手表,电子产品,华北,9,6886.98,0.99,1,61362.99
ORD000633,2024-06-15,耳机,配件,西北,7,4050.46,0.99,4,28069.69
ORD000634,2024-03-31,耳机,电子产品,西南,4,5431.66,0.72,4,15643.18
ORD000635,2024-07-20,平板,配件,西北,13,1988.62,0.95,1,24559.46
ORD000636,2024-12-11,平板,配件,华北,13,6088.52,0.89,3,70444.18
ORD000637,2024-01-19,耳机,配件,西南,10,6104.04,0.89,2,54325.96
ORD000638,2024-02-08,智能手表,电子产品,华东,18,2569.52,0.74,3,34226.01
ORD000639,2024-05-05,耳机,配件,华东,17,3344.39,0.9,4,51169.17
ORD000640,2024-06-21,智能手表,电子产品,华北,13,1756.55,0.99,2,22606.8
ORD000641,2024-05-20,平板,配件,西北,17,7814.83,0.97,5,128866.55
ORD000642,2024-08-29,笔记本电脑,配件,华南,4,5200.26,0.83,4,17264.86
ORD000643,2024-08-07,平板,配件,华北,1,7482.9,0.71,3,5312.86
ORD000644,2024-05-05,平板,电子产品,西南,1,2496.75,0.81,3,2022.37
ORD000645,2024-02-27,手机,配件,西南,15,6276.94,0.95,3,89446.39
ORD000646,2024-05-27,手机,电子产品,华东,13,6150.28,0.91,1,72757.81
ORD000647,2024-11-12,手机,配件,西南,17,5564.08,0.84,4,79455.06
ORD000648,2024-12-26,手机,电子产品,华北,8,7728.55,0.72,2,44516.45
ORD000649,2024-01-01,智能手表,电子产品,西南,18,3209.09,0.83,3,47943.8
ORD000650,2024-12-13,耳机,电子产品,华北,13,1132.67,0.84,3,12368.76
ORD000651,2024-07-08,笔记本电脑,配件,华南,14,5406.5,0.98,1,74177.18
ORD000652,2024-07-09,平板,配件,华东,8,5861.55,0.89,2,41734.24
ORD000653,2024-11-07,智能手表,电子产品,西南,8,4642.98,0.79,4,29343.63
ORD000654,2024-04-26,笔记本电脑,配件,华北,15,1733.86,0.86,5,22366.79
ORD000655,2024-05-13,智能手表,配件,西北,13,4085.2,0.72,1,38237.47
ORD000656,2024-02-27,智能手表,电子产品,华东,7,2566.3,0.99,4,17784.46
ORD000657,2024-02-13,平板,配件,华南,5,3476.99,0.81,5,14081.81
ORD000658,2024-06-21,耳机,电子产品,华北,17,5197.23,0.84,3,74216.44
ORD000659,2024-06-08,手机,电子产品,华南,16,5987.2,0.81,3,77594.11
ORD000660,2024-06-21,耳机,电子产品,华南,2,1934.58,0.9,2,3482.24
ORD000661,2024-11-12,平板,电子产品,西南,18,3302.07,0.9,5,53493.53
ORD000662,2024-10-29,平板,配件,西南,17,2226.38,0.91,3,34442.1
ORD000663,2024-05-28,平板,配件,华北,7,1669.19,0.78,3,9113.78
ORD000664,2024-03-20,笔记本电脑,电子产品,西北,13,6288.76,0.79,2,64585.57
ORD000665,2024-07-31,耳机,电子产品,华北,18,7283.1,0.74,4,97010.89
ORD000666,2024-07-21,耳机,电子产品,西北,14,3024.83,0.9,3,38112.86
ORD000667,2024-09-08,智能手表,电子产品,华南,18,6035.1,0.71,1,77128.58
ORD000668,2024-08-16,智能手表,电子产品,华东,13,7186.26,0.88,1,82210.81
ORD000669,2024-06-12,智能手表,配件,华北,11,6784.38,0.96,4,71643.05
ORD000670,2024-08-14,平板,配件,华北,16,1544.23,0.97,5,23966.45
ORD000671,2024-05-26,耳机,电子产品,西北,17,7654.71,0.83,2,108007.96
ORD000672,2024-01-20,平板,电子产品,华南,8,3075.74,0.84,1,20668.97
ORD000673,2024-02-16,笔记本电脑,配件,华南,19,2780.0,0.72,1,38030.4
ORD000674,2024-08-20,智能手表,电子产品,西北,15,593.21,0.9,4,8008.34
ORD000675,2024-10-31,平板,配件,华南,9,3940.77,0.95,5,33693.58
ORD000676,2024-01-14,平板,电子产品,西南,10,961.21,0.77,5,7401.32
ORD000677,2024-05-22,笔记本电脑,配件,华东,12,2063.46,0.83,4,20552.06
ORD000678,2024-01-01,手机,电子产品,华北,1,2603.85,0.95,1,2473.66
ORD000679,2024-02-23,耳机,配件,华东,9,6489.73,0.96,2,56071.27
ORD000680,2024-09-15,手机,电子产品,华北,15,7016.36,0.77,1,81038.96
ORD000681,2024-05-23,智能手表,电子产品,西南,1,2489.48,0.87,5,2165.85
ORD000682,2024-01-12,平板,配件,华南,12,6883.72,0.76,1,62779.53
ORD000683,2024-11-25,笔记本电脑,电子产品,西北,3,6872.12,0.73,2,15049.94
ORD000684,2024-08-11,笔记本电脑,电子产品,西南,11,6140.74,0.97,3,65521.7
ORD000685,2024-09-28,耳机,电子产品,华东,2,1258.89,0.95,1,2391.89
ORD000686,2024-12-23,手机,电子产品,西北,16,5553.55,0.93,4,82636.82
ORD000687,2024-06-04,耳机,配件,华南,9,7565.69,0.71,3,48344.76
ORD000688,2024-01-08,平板,配件,西南,15,5492.07,0.95,4,78262.0
ORD000689,2024-05-01,耳机,电子产品,西北,12,2719.77,0.83,4,27088.91
ORD000690,2024-12-13,笔记本电脑,配件,西南,1,4054.58,0.8,4,3243.66
ORD000691,2024-06-12,笔记本电脑,电子产品,西南,13,5201.23,0.86,1,58149.75
ORD000692,2024-03-30,智能手表,电子产品,华南,14,4133.51,0.73,5,42244.47
ORD000693,2024-05-15,智能手表,电子产品,华北,8,1047.63,0.93,3,7794.37
ORD000694,2024-07-04,平板,配件,西北,8,2565.31,0.87,2,17854.56
ORD000695,2024-11-11,手机,配件,华南,12,6438.93,0.76,5,58723.04
ORD000696,2024-06-26,耳机,电子产品,西南,1,6905.2,0.76,1,5247.95
ORD000697,2024-01-28,平板,电子产品,华南,11,1184.67,0.76,4,9903.84
ORD000698,2024-08-07,智能手表,电子产品,华北,8,7623.86,0.72,2,43913.43
ORD000699,2024-12-22,耳机,电子产品,西北,10,2697.7,0.88,3,23739.76
ORD000700,2024-02-10,智能手表,配件,华北,19,5332.28,0.95,5,96247.65
ORD000701,2024-08-15,耳机,配件,华东,11,6039.42,0.71,5,47167.87
ORD000702,2024-07-10,手机,电子产品,西北,7,6514.38,0.71,2,32376.47
ORD000703,2024-05-24,平板,配件,华北,11,7571.42,0.87,1,72458.49
ORD000704,2024-07-19,耳机,电子产品,西南,17,2572.06,0.95,3,41538.77
ORD000705,2024-07-30,笔记本电脑,电子产品,西北,1,6882.2,0.8,2,5505.76
ORD000706,2024-08-07,笔记本电脑,电子产品,西北,8,1140.33,0.8,4,7298.11
ORD000707,2024-08-27,耳机,电子产品,华南,6,5669.82,0.88,3,29936.65
ORD000708,2024-02-15,耳机,电子产品,西南,18,5961.62,0.78,5,83701.14
ORD000709,2024-02-04,耳机,电子产品,华东,6,5454.01,0.71,2,23234.08
ORD000710,2024-09-09,笔记本电脑,电子产品,华北,5,2093.29,0.92,5,9629.13
ORD000711,2024-03-22,笔记本电脑,电子产品,华南,13,6997.04,0.89,5,80955.75
ORD000712,2024-09-12,耳机,电子产品,华北,19,1433.98,0.87,5,23703.69
ORD000713,2024-07-15,智能手表,配件,华东,8,523.71,0.92,1,3854.51
ORD000714,2024-10-29,智能手表,配件,华东,9,5767.97,0.9,5,46720.56
ORD000715,2024-01-10,手机,电子产品,西北,17,3856.26,0.76,4,49822.88
ORD000716,2024-11-07,平板,电子产品,华东,3,6807.87,0.81,4,16543.12
ORD000717,2024-10-12,智能手表,电子产品,华北,19,3128.84,0.74,3,43991.49
ORD000718,2024-08-29,笔记本电脑,电子产品,西南,11,1429.4,0.74,5,11635.32
ORD000719,2024-09-07,智能手表,电子产品,西南,17,6707.89,0.9,5,102630.72
ORD000720,2024-12-30,手机,电子产品,西北,19,4436.39,0.96,2,80919.75
ORD000721,2024-01-05,手机,配件,华北,2,1594.65,0.99,1,3157.41
ORD000722,2024-04-28,平板,配件,华北,8,5791.03,0.89,3,41232.13
ORD000723,2024-10-15,智能手表,配件,华东,19,4137.8,0.76,5,59749.83
ORD000724,2024-03-05,笔记本电脑,电子产品,华北,7,4874.07,0.73,2,24906.5
ORD000725,2024-05-25,笔记本电脑,电子产品,华南,17,3741.1,0.94,1,59782.78
ORD000726,2024-08-11,耳机,电子产品,华东,6,6646.8,0.87,3,34696.3
ORD000727,2024-08-26,笔记本电脑,电子产品,华南,19,6653.55,0.89,3,112511.53
ORD000728,2024-06-25,平板,电子产品,西北,6,5704.17,0.93,5,31829.27
ORD000729,2024-09-23,平板,配件,西南,2,932.67,0.91,3,1697.46
ORD000730,2024-12-06,笔记本电脑,配件,西北,6,6726.95,0.95,2,38343.62
ORD000731,2024-10-08,笔记本电脑,电子产品,西南,5,5401.0,0.72,3,19443.6
ORD000732,2024-03-03,耳机,配件,西北,19,5606.49,0.92,4,98001.45
ORD000733,2024-08-04,笔记本电脑,配件,华北,4,2967.56,0.96,2,11395.43
ORD000734,2024-12-07,耳机,配件,华南,17,7046.31,0.79,1,94631.94
ORD000735,2024-11-10,耳机,配件,西南,11,5830.44,0.89,1,57080.01
ORD000736,2024-10-09,笔记本电脑,配件,华东,4,989.46,0.79,5,3126.69
ORD000737,2024-06-25,手机,电子产品,华南,13,3321.45,0.99,5,42747.06
ORD000738,2024-04-07,手机,配件,华东,17,7102.4,0.71,4,85725.97
ORD000739,2024-04-14,耳机,电子产品,华南,9,472.85,0.87,1,3702.42
ORD000740,2024-04-08,笔记本电脑,电子产品,华南,4,7695.19,0.75,1,23085.57
ORD000741,2024-11-06,手机,配件,西北,14,5465.38,0.91,1,69628.94
ORD000742,2024-01-06,笔记本电脑,电子产品,西南,19,5087.87,0.75,1,72502.15
ORD000743,2024-07-15,笔记本电脑,电子产品,西南,3,2237.42,0.77,3,5168.44
ORD000744,2024-12-16,笔记本电脑,电子产品,华南,14,2065.46,0.85,2,24578.97
ORD000745,2024-05-12,智能手表,电子产品,华北,8,7542.26,0.97,2,58527.94
ORD000746,2024-12-23,笔记本电脑,电子产品,华北,1,2456.35,0.76,4,1866.83
ORD000747,2024-09-15,智能手表,配件,华东,10,6226.49,0.74,3,46076.03
ORD000748,2024-01-23,耳机,电子产品,华东,18,3205.66,0.93,1,53662.75
ORD000749,2024-02-22,手机,电子产品,西北,16,1200.11,0.85,1,16321.5
ORD000750,2024-06-13,手机,配件,华南,8,184.65,0.97,5,1432.88
ORD000751,2024-07-20,手机,电子产品,华东,1,4399.63,0.74,5,3255.73
ORD000752,2024-03-23,手机,配件,华东,12,7808.65,0.89,4,83396.38
ORD000753,2024-05-24,手机,电子产品,华南,8,3016.18,0.77,1,18579.67
ORD000754,2024-03-25,手机,电子产品,西北,16,2921.82,0.75,4,35061.84
ORD000755,2024-03-18,手机,电子产品,华东,18,2818.32,0.91,3,46164.08
ORD000756,2024-01-01,耳机,电子产品,西北,4,4212.3,0.88,2,14827.3
ORD000757,2024-02-20,笔记本电脑,电子产品,西南,6,3581.25,0.93,1,19983.38
ORD000758,2024-06-21,平板,配件,西北,12,7051.33,0.79,3,66846.61
ORD000759,2024-07-23,智能手表,电子产品,华北,9,4093.61,0.83,1,30579.27
ORD000760,2024-09-16,平板,电子产品,华北,15,4111.29,0.82,5,50568.87
ORD000761,2024-10-14,平板,配件,西北,16,1193.14,1.0,4,19090.24
ORD000762,2024-02-03,笔记本电脑,电子产品,华北,12,7863.64,0.79,5,74547.31
ORD000763,2024-12-13,笔记本电脑,配件,西南,14,2074.79,0.79,2,22947.18
ORD000764,2024-04-04,笔记本电脑,配件,华南,13,679.58,0.81,5,7155.98
ORD000765,2024-03-12,手机,电子产品,华北,2,5338.86,0.87,1,9289.62
ORD000766,2024-02-08,耳机,配件,华北,3,4803.39,0.78,5,11239.93
ORD000767,2024-06-02,手机,配件,西北,10,3379.65,0.97,1,32782.6
ORD000768,2024-09-06,耳机,配件,西南,9,3435.32,0.78,2,24115.95
ORD000769,2024-06-10,耳机,电子产品,华南,8,6302.0,0.97,5,48903.52
ORD000770,2024-04-27,平板,电子产品,西北,10,1646.13,0.73,4,12016.75
ORD000771,2024-09-15,平板,电子产品,西北,19,6580.0,0.9,4,112518.0
ORD000772,2024-11-01,耳机,配件,西南,3,5225.1,0.97,4,15205.04
ORD000773,2024-09-24,耳机,配件,华南,5,3409.86,0.75,5,12786.97
ORD000774,2024-02-23,手机,配件,西南,3,3718.43,0.99,5,11043.74
ORD000775,2024-08-23,手机,电子产品,华南,16,2127.51,0.84,5,28593.73
ORD000776,2024-08-09,平板,电子产品,西南,17,6041.7,0.98,1,100654.72
ORD000777,2024-09-07,笔记本电脑,配件,西北,15,4151.71,0.9,2,56048.08
ORD000778,2024-11-08,耳机,电子产品,西北,3,2634.75,0.79,4,6244.36
ORD000779,2024-04-21,手机,电子产品,华东,12,4808.8,0.76,1,43856.26
ORD000780,2024-09-11,平板,电子产品,华北,9,7966.3,0.79,4,56640.39
ORD000781,2024-10-29,手机,电子产品,西南,12,3538.57,0.73,1,30997.87
ORD000782,2024-07-25,耳机,电子产品,华东,15,7373.46,0.74,5,81845.41
ORD000783,2024-08-16,耳机,配件,华北,2,2825.63,0.73,4,4125.42
ORD000784,2024-12-06,智能手表,电子产品,西南,18,532.39,0.83,5,7953.91
ORD000785,2024-03-06,笔记本电脑,配件,华南,12,1713.51,0.94,4,19328.39
ORD000786,2024-03-15,智能手表,配件,华北,4,3407.69,0.74,3,10086.76
ORD000787,2024-04-12,平板,电子产品,西北,16,1835.12,0.74,1,21727.82
ORD000788,2024-07-10,手机,配件,华东,16,101.79,0.89,3,1449.49
ORD000789,2024-09-08,平板,配件,华北,1,7328.51,0.76,1,5569.67
ORD000790,2024-08-13,耳机,电子产品,华北,2,6766.65,0.73,2,9879.31
ORD000791,2024-10-20,智能手表,电子产品,西北,3,5964.11,0.75,4,13419.25
ORD000792,2024-11-01,智能手表,配件,西南,17,1425.74,0.98,2,23752.83
ORD000793,2024-04-07,智能手表,电子产品,华南,1,1050.87,0.95,2,998.33
ORD000794,2024-12-03,平板,电子产品,西北,6,634.08,0.81,1,3081.63
ORD000795,2024-10-12,耳机,配件,华南,15,5819.83,0.9,3,78567.7
ORD000796,2024-11-30,手机,配件,西南,14,7437.58,0.86,5,89548.46
ORD000797,2024-12-12,手机,配件,华北,15,3501.23,0.9,1,47266.6
ORD000798,2024-11-03,平板,配件,华南,14,1041.21,0.9,5,13119.25
ORD000799,2024-09-05,智能手表,电子产品,华东,5,4147.9,0.89,2,18458.16
ORD000800,2024-06-14,笔记本电脑,配件,华东,6,2855.77,0.78,5,13365.0
ORD000801,2024-11-30,平板,配件,西北,17,3061.12,0.71,3,36947.72
ORD000802,2024-01-30,平板,电子产品,西南,11,5008.51,0.84,1,46278.63
ORD000803,2024-09-03,耳机,电子产品,西北,16,5777.87,0.97,3,89672.54
ORD000804,2024-04-15,手机,电子产品,西北,12,973.77,0.87,3,10166.16
ORD000805,2024-02-20,平板,配件,西北,15,381.16,0.95,1,5431.53
ORD000806,2024-03-21,平板,电子产品,华东,4,7955.21,1.0,3,31820.84
ORD000807,2024-05-12,智能手表,电子产品,华东,18,1938.55,0.75,4,26170.43
ORD000808,2024-10-11,智能手表,电子产品,西北,3,525.26,0.91,4,1433.96
ORD000809,2024-05-17,笔记本电脑,配件,华东,8,1600.02,0.9,4,11520.14
ORD000810,2024-07-02,耳机,电子产品,西南,3,407.77,0.99,5,1211.08
ORD000811,2024-11-25,笔记本电脑,配件,西北,8,3195.31,1.0,3,25562.48
ORD000812,2024-09-29,智能手表,电子产品,华东,18,6438.97,0.91,1,105470.33
ORD000813,2024-12-05,手机,电子产品,华南,10,2795.83,0.77,1,21527.89
ORD000814,2024-03-09,智能手表,配件,西北,17,3609.05,0.94,5,57672.62
ORD000815,2024-02-03,耳机,电子产品,西北,8,5437.14,0.73,1,31752.9
ORD000816,2024-09-18,智能手表,配件,西南,11,4120.26,0.93,4,42150.26
ORD000817,2024-02-22,耳机,配件,华北,5,6905.42,0.97,3,33491.29
ORD000818,2024-07-23,耳机,配件,华北,13,6941.68,0.81,1,73095.89
ORD000819,2024-05-05,耳机,电子产品,西南,5,178.29,0.89,1,793.39
ORD000820,2024-08-22,耳机,配件,西南,13,6246.57,0.83,2,67400.49
ORD000821,2024-02-12,耳机,电子产品,西南,6,3739.8,0.83,2,18624.2
ORD000822,2024-08-27,手机,电子产品,华北,5,7911.84,0.79,2,31251.77
ORD000823,2024-04-20,笔记本电脑,配件,西南,9,3917.53,0.93,3,32789.73
ORD000824,2024-09-05,平板,配件,华东,16,7896.48,0.98,4,123816.81
ORD000825,2024-05-30,笔记本电脑,电子产品,西北,2,6061.1,0.98,4,11879.76
ORD000826,2024-07-01,耳机,电子产品,西北,1,2063.98,0.75,4,1547.98
ORD000827,2024-12-01,手机,电子产品,华南,8,4353.32,0.96,3,33433.5
ORD000828,2024-04-04,智能手表,配件,华南,19,7937.87,0.92,3,138753.97
ORD000829,2024-01-08,手机,配件,西北,11,6874.49,0.78,2,58983.12
ORD000830,2024-12-25,耳机,电子产品,华东,12,869.2,0.72,1,7509.89
ORD000831,2024-07-02,手机,配件,华北,12,5680.34,0.78,5,53167.98
ORD000832,2024-10-07,手机,电子产品,华北,7,2830.08,0.97,5,19216.24
ORD000833,2024-07-13,耳机,电子产品,华东,13,155.16,0.89,1,1795.2
ORD000834,2024-12-17,手机,配件,华北,8,3287.5,0.92,2,24196.0
ORD000835,2024-07-13,平板,配件,西南,9,1954.56,0.78,1,13721.01
ORD000836,2024-06-03,平板,电子产品,西北,7,6569.07,0.92,1,42304.81
ORD000837,2024-04-02,手机,配件,西北,15,2764.91,0.71,5,29446.29
ORD000838,2024-06-08,智能手表,配件,华东,2,6637.44,0.81,2,10752.65
ORD000839,2024-03-01,耳机,电子产品,华北,12,104.72,0.89,3,1118.41
ORD000840,2024-05-01,平板,电子产品,华南,1,2531.77,0.74,5,1873.51
ORD000841,2024-02-20,智能手表,配件,华南,8,2005.21,0.95,3,15239.6
ORD000842,2024-10-03,手机,电子产品,华北,5,1945.18,0.77,2,7488.94
ORD000843,2024-01-05,智能手表,配件,华南,15,638.67,0.9,1,8622.04
ORD000844,2024-04-01,笔记本电脑,电子产品,华东,1,1578.28,0.82,4,1294.19
ORD000845,2024-06-18,平板,电子产品,华东,1,4488.84,0.88,4,3950.18
ORD000846,2024-11-12,手机,电子产品,华北,10,2401.75,0.73,2,17532.77
ORD000847,2024-01-22,耳机,电子产品,华南,10,3397.42,0.71,4,24121.68
ORD000848,2024-11-21,手机,电子产品,华东,15,3077.25,0.97,3,44773.99
ORD000849,2024-01-01,耳机,电子产品,华东,17,7019.65,0.78,4,93080.56
ORD000850,2024-05-12,手机,电子产品,西南,6,7251.86,0.95,2,41335.6
ORD000851,2024-08-20,智能手表,电子产品,西南,3,3994.36,1.0,2,11983.08
ORD000852,2024-01-12,智能手表,配件,华东,13,2708.23,0.76,3,26757.31
ORD000853,2024-12-11,智能手表,配件,华北,16,943.73,0.78,4,11777.75
ORD000854,2024-02-15,笔记本电脑,电子产品,西北,8,7631.88,0.9,4,54949.54
ORD000855,2024-02-03,耳机,电子产品,西北,15,575.79,0.99,1,8550.48
ORD000856,2024-03-18,智能手表,电子产品,华东,17,2451.44,0.97,5,40424.25
ORD000857,2024-08-05,笔记本电脑,电子产品,华东,17,2454.72,0.85,2,35470.7
ORD000858,2024-10-27,耳机,配件,华东,13,2631.17,0.94,1,32152.9
ORD000859,2024-03-13,手机,配件,华北,17,1397.87,0.74,2,17585.2
ORD000860,2024-10-08,笔记本电脑,电子产品,西南,6,6286.98,0.99,1,37344.66
ORD000861,2024-09-05,平板,电子产品,华东,17,1067.73,0.99,5,17969.9
ORD000862,2024-02-16,笔记本电脑,电子产品,华东,16,5115.76,0.75,1,61389.12
ORD000863,2024-04-30,笔记本电脑,配件,华南,14,1078.38,0.79,2,11926.88
ORD000864,2024-08-01,耳机,电子产品,华北,13,657.23,0.73,4,6237.11
ORD000865,2024-08-26,手机,配件,华东,6,7284.49,0.78,2,34091.41
ORD000866,2024-02-25,平板,配件,华南,3,1602.02,0.94,3,4517.7
ORD000867,2024-12-15,智能手表,电子产品,西北,14,6587.88,0.81,3,74706.56
ORD000868,2024-04-16,智能手表,电子产品,华东,14,4402.58,0.73,3,44994.37
ORD000869,2024-11-14,笔记本电脑,配件,华东,15,715.07,0.8,3,8580.84
ORD000870,2024-02-17,耳机,电子产品,华南,8,7648.04,0.99,5,60572.48
ORD000871,2024-03-01,耳机,电子产品,华北,15,2050.99,0.89,4,27380.72
ORD000872,2024-12-02,智能手表,配件,华东,13,6891.2,0.82,4,73460.19
ORD000873,2024-01-26,平板,电子产品,西北,17,1433.6,0.75,2,18278.4
ORD000874,2024-10-18,手机,电子产品,华东,3,6846.15,1.0,1,20538.45
ORD000875,2024-09-13,平板,配件,西北,6,204.51,0.95,2,1165.71
ORD000876,2024-01-08,手机,配件,西南,5,4143.07,0.78,2,16157.97
ORD000877,2024-04-22,智能手表,配件,西南,17,6178.6,0.72,2,75626.06
ORD000878,2024-12-20,手机,配件,西北,2,7484.88,0.72,2,10778.23
ORD000879,2024-09-09,耳机,配件,华北,15,7282.7,0.74,4,80837.97
ORD000880,2024-06-28,笔记本电脑,电子产品,华东,5,6575.04,0.87,1,28601.42
ORD000881,2024-07-25,笔记本电脑,电子产品,华东,6,7116.71,0.98,2,41846.25
ORD000882,2024-10-29,智能手表,电子产品,西南,6,1673.84,0.85,4,8536.58
ORD000883,2024-05-06,耳机,配件,西北,18,2345.06,0.95,2,40100.53
ORD000884,2024-02-25,平板,配件,华东,18,2382.85,0.83,3,35599.78
ORD000885,2024-08-01,耳机,电子产品,华东,4,3078.73,0.91,2,11206.58
ORD000886,2024-01-14,笔记本电脑,电子产品,华北,17,3207.23,0.92,2,50161.08
ORD000887,2024-01-28,笔记本电脑,电子产品,华南,14,4401.99,0.75,5,46220.9
ORD000888,2024-03-18,耳机,电子产品,西南,14,1363.05,0.81,3,15456.99
ORD000889,2024-08-03,耳机,电子产品,西南,13,5560.85,0.89,1,64339.03
ORD000890,2024-12-30,笔记本电脑,电子产品,华南,7,1423.78,0.72,2,7175.85
ORD000891,2024-06-02,平板,电子产品,华东,12,2551.44,0.81,1,24800.0
ORD000892,2024-01-14,智能手表,电子产品,华北,15,4076.43,0.86,3,52585.95
ORD000893,2024-07-05,智能手表,配件,华北,19,6391.88,1.0,2,121445.72
ORD000894,2024-11-07,耳机,配件,西南,11,5941.81,0.84,5,54902.32
ORD000895,2024-01-07,智能手表,电子产品,华北,15,5199.72,0.94,4,73316.05
ORD000896,2024-01-03,笔记本电脑,电子产品,华南,12,1330.61,0.83,5,13252.88
ORD000897,2024-04-20,笔记本电脑,电子产品,华东,3,4421.66,0.94,5,12469.08
ORD000898,2024-08-25,耳机,配件,华南,17,790.83,0.88,4,11830.82
ORD000899,2024-12-28,耳机,电子产品,西北,3,3081.17,0.97,4,8966.2
ORD000900,2024-08-26,耳机,电子产品,西南,19,3366.78,0.82,4,52454.43
ORD000901,2024-09-30,平板,电子产品,华北,4,414.51,0.88,2,1459.08
ORD000902,2024-10-20,智能手表,电子产品,西北,3,2264.51,0.89,1,6046.24
ORD000903,2024-08-14,耳机,电子产品,华北,16,7649.63,0.83,1,101587.09
ORD000904,2024-01-15,手机,电子产品,华东,12,7633.7,0.74,4,67787.26
ORD000905,2024-07-10,手机,电子产品,华东,8,2883.38,0.73,5,16838.94
ORD000906,2024-04-28,笔记本电脑,电子产品,华东,17,440.49,0.71,3,5316.71
ORD000907,2024-01-28,智能手表,电子产品,华北,7,1514.85,0.96,4,10179.79
ORD000908,2024-07-20,耳机,电子产品,西北,11,3198.52,0.77,5,27091.46
ORD000909,2024-02-08,手机,配件,华东,18,7587.46,0.76,5,103796.45
ORD000910,2024-09-29,智能手表,配件,西北,1,1215.47,0.92,2,1118.23
ORD000911,2024-08-18,笔记本电脑,配件,华北,3,6131.78,0.8,2,14716.27
ORD000912,2024-03-26,平板,电子产品,西北,4,958.59,0.85,1,3259.21
ORD000913,2024-05-05,智能手表,电子产品,华北,13,7851.93,0.75,1,76556.32
ORD000914,2024-10-26,智能手表,配件,华北,6,3114.77,0.99,3,18501.73
ORD000915,2024-01-25,平板,电子产品,西南,14,6224.35,0.96,3,83655.26
ORD000916,2024-05-24,智能手表,配件,华北,5,2806.47,0.96,3,13471.06
ORD000917,2024-01-13,笔记本电脑,电子产品,华北,16,5058.58,0.82,3,66368.57
ORD000918,2024-07-30,笔记本电脑,配件,华南,15,1616.93,0.93,5,22556.17
ORD000919,2024-01-25,平板,配件,华东,15,1253.57,0.74,5,13914.63
ORD000920,2024-03-08,耳机,配件,西南,4,7510.71,0.7,1,21029.99
ORD000921,2024-03-07,手机,配件,西南,8,7349.41,0.71,2,41744.65
ORD000922,2024-08-20,耳机,电子产品,西南,16,7111.0,0.88,2,100122.88
ORD000923,2024-04-18,智能手表,电子产品,华南,16,5040.92,0.84,4,67749.96
ORD000924,2024-05-25,手机,电子产品,华北,4,6485.32,0.86,5,22309.5
ORD000925,2024-04-20,平板,配件,华东,13,645.39,0.7,3,5873.05
ORD000926,2024-08-15,平板,电子产品,西北,13,2744.83,0.83,3,29616.72
ORD000927,2024-04-20,手机,电子产品,华北,2,2578.25,0.92,4,4743.98
ORD000928,2024-02-03,笔记本电脑,配件,华南,3,5121.6,0.83,2,12752.78
ORD000929,2024-04-20,手机,电子产品,华北,8,2912.07,0.92,3,21432.84
ORD000930,2024-09-20,智能手表,电子产品,华北,15,1273.2,0.77,2,14705.46
ORD000931,2024-08-23,笔记本电脑,电子产品,华南,11,4812.09,0.94,4,49757.01
ORD000932,2024-03-23,平板,电子产品,西南,9,6533.63,0.88,2,51746.35
ORD000933,2024-02-11,手机,配件,西南,7,3118.78,0.76,2,16591.91
ORD000934,2024-04-10,耳机,电子产品,华东,13,1144.92,0.77,2,11460.65
ORD000935,2024-01-06,耳机,配件,华东,2,1653.84,0.89,3,2943.84
ORD000936,2024-06-28,智能手表,配件,西南,8,1976.12,0.95,1,15018.51
ORD000937,2024-10-08,耳机,电子产品,西北,7,2469.19,0.82,5,14173.15
ORD000938,2024-11-15,手机,电子产品,华北,12,5178.08,0.78,2,48466.83
ORD000939,2024-08-13,手机,配件,西北,19,4847.47,0.96,2,88417.85
ORD000940,2024-11-10,耳机,电子产品,华北,7,5599.03,0.9,2,35273.89
ORD000941,2024-12-30,手机,配件,西南,10,2963.77,0.83,1,24599.29
ORD000942,2024-08-16,智能手表,电子产品,华东,16,6609.58,0.85,4,89890.29
ORD000943,2024-10-15,笔记本电脑,配件,华东,3,1712.29,0.76,3,3904.02
ORD000944,2024-05-29,智能手表,电子产品,西北,10,3805.42,0.89,1,33868.24
ORD000945,2024-10-03,智能手表,电子产品,华东,6,6427.42,0.81,2,31237.26
ORD000946,2024-07-16,手机,电子产品,西南,18,1523.25,1.0,1,27418.5
ORD000947,2024-03-10,笔记本电脑,配件,西北,18,967.92,0.84,1,14634.95
ORD000948,2024-04-21,手机,配件,华北,5,7081.1,0.85,1,30094.68
ORD000949,2024-01-04,平板,配件,华东,7,2809.14,0.87,4,17107.66
ORD000950,2024-12-15,手机,配件,华南,2,5502.57,0.98,5,10785.04
ORD000951,2024-11-26,手机,配件,华东,11,300.25,0.94,3,3104.58
ORD000952,2024-11-13,手机,电子产品,华北,13,5551.37,0.84,4,60620.96
ORD000953,2024-12-15,笔记本电脑,配件,西北,5,2597.2,0.92,4,11947.12
ORD000954,2024-04-04,手机,电子产品,华北,6,540.35,0.88,5,2853.05
ORD000955,2024-05-31,笔记本电脑,配件,华南,14,4917.52,0.85,4,58518.49
ORD000956,2024-11-06,耳机,配件,西南,12,2002.35,0.76,1,18261.43
ORD000957,2024-05-16,平板,电子产品,华东,4,3155.78,0.84,1,10603.42
ORD000958,2024-09-03,笔记本电脑,配件,西北,6,736.59,0.77,2,3403.05
ORD000959,2024-08-30,耳机,电子产品,西南,10,1262.59,0.97,4,12247.12
ORD000960,2024-01-31,笔记本电脑,配件,华北,18,2454.02,0.8,2,35337.89
ORD000961,2024-02-09,笔记本电脑,电子产品,西北,15,809.1,0.99,3,12015.14
ORD000962,2024-08-16,平板,电子产品,西南,8,7295.53,0.86,1,50193.25
ORD000963,2024-02-05,智能手表,电子产品,西北,9,147.77,0.89,3,1183.64
ORD000964,2024-08-10,智能手表,电子产品,华南,5,3922.5,0.86,5,16866.75
ORD000965,2024-01-06,笔记本电脑,配件,华南,10,1073.65,0.74,1,7945.01
ORD000966,2024-11-17,手机,配件,华东,6,2530.66,0.81,3,12299.01
ORD000967,2024-08-07,耳机,配件,华东,16,7415.87,0.73,5,86617.36
ORD000968,2024-03-15,手机,电子产品,华南,3,1377.39,0.89,3,3677.63
ORD000969,2024-01-04,手机,电子产品,西北,10,7730.08,0.83,5,64159.66
ORD000970,2024-11-30,笔记本电脑,电子产品,华南,11,1725.78,0.93,5,17654.73
ORD000971,2024-05-13,笔记本电脑,配件,华东,11,5958.37,0.77,1,50467.39
ORD000972,2024-04-27,笔记本电脑,配件,华南,17,4418.75,0.75,2,56339.06
ORD000973,2024-04-03,笔记本电脑,配件,华南,4,7087.38,0.82,5,23246.61
ORD000974,2024-03-02,智能手表,电子产品,西北,4,4476.55,0.98,5,17548.08
ORD000975,2024-07-12,笔记本电脑,配件,西南,17,4323.02,0.91,1,66877.12
ORD000976,2024-11-30,智能手表,电子产品,华东,9,1644.12,0.83,2,12281.58
ORD000977,2024-07-21,智能手表,配件,西北,19,1413.21,0.86,4,23091.85
ORD000978,2024-01-26,笔记本电脑,电子产品,华南,5,7340.26,0.73,4,26791.95
ORD000979,2024-06-21,平板,配件,华南,6,2689.92,1.0,2,16139.52
ORD000980,2024-10-26,耳机,配件,西南,3,3039.45,0.9,3,8206.52
ORD000981,2024-05-12,手机,配件,华东,1,6102.61,0.79,1,4821.06
ORD000982,2024-11-21,智能手表,配件,华东,16,2776.71,0.88,2,39096.08
ORD000983,2024-04-27,耳机,配件,华北,11,7621.29,0.73,4,61198.96
ORD000984,2024-11-19,平板,配件,华东,13,5929.63,0.99,5,76314.34
ORD000985,2024-10-01,手机,电子产品,西南,10,4819.69,0.75,4,36147.67
ORD000986,2024-07-30,手机,配件,华北,3,7059.07,0.89,5,18847.72
ORD000987,2024-08-12,智能手表,电子产品,华北,9,491.89,0.77,1,3408.8
ORD000988,2024-01-20,笔记本电脑,电子产品,华南,12,2130.8,0.92,5,23524.03
ORD000989,2024-04-22,平板,电子产品,华南,14,3773.79,0.93,2,49134.75
ORD000990,2024-05-19,智能手表,电子产品,华东,1,1893.13,0.9,5,1703.82
ORD000991,2024-02-16,平板,电子产品,华北,18,5976.85,0.88,3,94673.3
ORD000992,2024-01-01,笔记本电脑,电子产品,华南,17,7361.74,0.97,2,121395.09
ORD000993,2024-03-30,笔记本电脑,电子产品,西南,9,3447.78,0.72,1,22341.61
ORD000994,2024-05-21,智能手表,电子产品,华南,9,2802.85,0.8,2,20180.52
ORD000995,2024-11-15,笔记本电脑,配件,华南,10,7696.25,0.77,3,59261.12
ORD000996,2024-02-07,耳机,配件,华北,19,3614.33,1.0,1,68672.27
ORD000997,2024-10-19,手机,电子产品,华北,15,3963.48,0.82,4,48750.8
ORD000998,2024-05-18,智能手表,电子产品,西北,5,2878.03,0.92,3,13238.94
ORD000999,2024-12-21,平板,电子产品,西南,15,7285.43,0.91,1,99446.12
ORD001000,2024-11-28,耳机,配件,华北,2,4594.75,0.76,5,6984.02
